run_id,framework,dataset,strategy,partition_strategy,clients,rounds,samples_per_client,alpha,shards_per_client,epochs,final_accuracy,final_loss,final_accuracy_std,final_worst_client_accuracy,fairness_gap,wall_clock_time_seconds,avg_cpu_usage_percent,avg_peak_memory_mb,avg_compute_time_seconds,avg_comm_size_mb,avg_aggregation_time_sec,started_at,completed_at,n_rounds_logged
fedml-cifar100-aug24_2108-da4a,fedml,cifar100,FedAvg,iid,2,5,1000,,,3,0.095,5.45104444026947,0.005,0.09,0.0050000000000000044,22.72,33.15,728.949609375,1.8591591358184814,6.3966217041015625,0.0,2026-08-24 21:08:42.265390,2026-08-24 21:09:13.943212,5
fedml-cifar100-aug24_2109-b345,fedml,cifar100,FedAvg,iid,2,10,1000,,,3,0.115,9.148848354816437,0.025,0.09,0.02500000000000001,34.88,35.385000000000005,741.3939453125,1.9696673989295959,6.3966217041015625,0.0,2026-08-24 21:09:27.300271,2026-08-24 21:10:11.368933,10
fedml-cifar100-aug24_2110-9409,fedml,cifar100,FedAvg,iid,2,15,1000,,,3,0.14,11.10331517457962,0.02,0.12,0.020000000000000018,46.28,33.36666666666666,751.888671875,1.9290714979171752,6.3966217041015625,0.0,2026-08-24 21:10:12.337483,2026-08-24 21:11:07.518831,15
fedml-cifar100-aug24_2111-4f56,fedml,cifar100,FedAvg,iid,5,10,1000,,,3,0.142,5.259318327903747,0.0223,0.11,0.03199999999999999,42.62,36.209999999999994,744.188359375,2.0104175424575805,6.3966217041015625,0.0,2026-08-24 21:11:57.423098,2026-08-24 21:12:49.172460,10
fedml-cifar100-aug24_2111-dae7,fedml,cifar100,FedAvg,iid,5,5,1000,,,3,0.116,4.24984130859375,0.0258,0.08,0.036000000000000004,29.73,35.39200000000001,736.99828125,2.0512138652801513,6.3966217041015625,0.0,2026-08-24 21:11:12.385107,2026-08-24 21:11:50.966485,5
fedml-cifar100-aug24_2112-ffc0,fedml,cifar100,FedAvg,iid,5,15,1000,,,3,0.184,6.4233298063278195,0.0287,0.15,0.034,53.22,36.69333333333331,753.5574479166667,1.9363463973999024,6.3966217041015625,0.0013333333333333333,2026-08-24 21:12:57.469912,2026-08-24 21:13:59.749964,15
fedml-cifar100-aug24_2114-f0db,fedml,cifar100,FedAvg,iid,8,5,1000,,,3,0.13125,4.15139489620924,0.0333,0.09,0.04125000000000001,36.25,36.102500000000006,735.8111328125,2.186042708158493,6.3966217041015625,0.0,2026-08-24 21:14:12.528777,2026-08-24 21:14:57.838178,5
fedml-cifar100-aug24_2115-1056,fedml,cifar100,FedAvg,iid,8,10,1000,,,3,0.20625,4.819836311042309,0.03,0.15,0.056249999999999994,49.48,38.303749999999994,747.7623046875,2.1486126512289045,6.3966217041015625,0.0,2026-08-24 21:15:12.576605,2026-08-24 21:16:11.132984,10
fedml-cifar100-aug24_2116-6d25,fedml,cifar100,FedAvg,iid,8,15,1000,,,3,0.21625,5.5842591524124146,0.0312,0.17,0.046249999999999986,61.64,38.505833333333335,750.1133463541667,2.0235317508379618,6.3966217041015625,0.0,2026-08-24 21:16:12.625995,2026-08-24 21:17:23.442357,15
fedml-cifar100-aug24_2117-86ba,fedml,cifar100,FedAvg,iid,2,5,2000,,,3,0.1825,4.908424939428056,0.0125,0.17,0.012499999999999983,33.89,33.15,758.943359375,3.9339069366455077,6.3966217041015625,0.0,2026-08-24 21:17:27.684042,2026-08-24 21:18:10.738335,5
fedml-cifar100-aug24_2118-4a25,fedml,cifar100,FedAvg,iid,2,10,2000,,,3,0.1825,7.816439253943307,0.0175,0.165,0.017499999999999988,51.34,33.505,765.22109375,3.482775866985321,6.3966217041015625,0.0,2026-08-24 21:18:12.723158,2026-08-24 21:19:13.219357,10
fedml-cifar100-aug24_2119-c27c,fedml,cifar100,FedAvg,iid,2,15,2000,,,3,0.21,9.563034091676984,0.02,0.19,0.01999999999999999,72.1,33.339999999999996,772.9013020833333,3.530163788795471,6.3966217041015625,0.0,2026-08-24 21:19:27.776454,2026-08-24 21:20:48.905384,15
fedml-cifar100-aug24_2120-fc3c,fedml,cifar100,FedAvg,iid,5,5,2000,,,3,0.197,3.755544914518084,0.0229,0.175,0.02200000000000002,42.77,35.864,757.5496875,4.020244798660278,6.3966217041015625,0.002,2026-08-24 21:20:57.833517,2026-08-24 21:21:49.516405,5
fedml-cifar100-aug24_2121-f57d,fedml,cifar100,FedAvg,iid,5,10,2000,,,3,0.236,4.9766138076782225,0.0231,0.2,0.035999999999999976,64.41,35.961999999999996,770.2490625,3.831057782173157,6.3966217041015625,0.0,2026-08-24 21:21:57.878889,2026-08-24 21:23:11.182725,10
fedml-cifar100-aug24_2123-27e6,fedml,cifar100,FedAvg,iid,5,15,2000,,,3,0.247,6.048672478539602,0.0172,0.23,0.016999999999999987,92.02,37.27466666666667,780.8344270833334,4.2880159155527755,6.3966217041015625,0.0,2026-08-24 21:23:12.933684,2026-08-24 21:24:54.081870,15
fedml-cifar100-aug24_2124-19d6,fedml,cifar100,FedAvg,iid,8,5,2000,,,3,0.185,3.7143265392099107,0.0274,0.14,0.044999999999999984,47.9,36.79999999999999,758.1611328125,4.213913607597351,6.3966217041015625,0.0,2026-08-24 21:24:58.006465,2026-08-24 21:25:55.261794,5
fedml-cifar100-aug24_2125-fbae,fedml,cifar100,FedAvg,iid,8,10,2000,,,3,0.218125,4.474516625915255,0.0184,0.185,0.033125000000000016,73.63,38.47500000000001,769.7291015625,4.123731544613838,6.3966217041015625,0.0,2026-08-24 21:25:58.056993,2026-08-24 21:27:20.521668,10
fedml-cifar100-aug24_2127-a4a7,fedml,cifar100,FedAvg,iid,8,15,2000,,,3,0.23,5.2392289723668775,0.0211,0.19,0.04000000000000001,99.64,38.49583333333333,775.0284505208333,4.337537360191345,6.3966217041015625,0.0006666666666666666,2026-08-24 21:27:28.122516,2026-08-24 21:29:16.997295,15
fedml-cifar100-aug24_2129-55d7,fedml,cifar100,FedAvg,iid,2,5,4000,,,3,0.2325,4.356346992345957,0.01,0.2225,0.010000000000000009,49.94,35.36,765.82578125,6.949439573287964,6.3966217041015625,0.0,2026-08-24 21:29:28.206644,2026-08-24 21:30:27.268677,5
fedml-cifar100-aug24_2130-3bc7,fedml,cifar100,FedAvg,iid,2,10,4000,,,3,0.2425,7.1745516153482285,0.0175,0.225,0.017499999999999988,89.51,33.760000000000005,782.7361328125,6.939857316017151,6.3966217041015625,0.0,2026-08-24 21:30:28.249764,2026-08-24 21:32:06.686508,10
fedml-cifar100-aug24_2132-7df1,fedml,cifar100,FedAvg,iid,2,15,4000,,,3,0.23125,8.764489027170034,0.0312,0.2,0.03125,144.57,34.18999999999999,786.4377604166667,8.032897965113323,6.3966217041015625,0.0,2026-08-24 21:32:13.312127,2026-08-24 21:34:46.921539,15
fedml-cifar100-aug24_2134-cb07,fedml,cifar100,FedAvg,iid,5,5,4000,,,3,0.2575,3.46476557804988,0.0248,0.215,0.04250000000000001,64.55,35.11599999999999,772.17609375,8.276126852035523,6.3966217041015625,0.002,2026-08-24 21:34:58.400578,2026-08-24 21:36:12.103221,5
fedml-cifar100-aug24_2136-a70f,fedml,cifar100,FedAvg,iid,5,10,4000,,,3,0.2865,4.708913208888128,0.038,0.2175,0.06899999999999998,108.99,36.45,782.402109375,7.647866191864014,6.3966217041015625,0.001,2026-08-24 21:36:13.453958,2026-08-24 21:38:11.669758,10
fedml-cifar100-aug24_2138-232d,fedml,cifar100,FedAvg,iid,5,15,4000,,,3,0.3095,5.506187233558069,0.0279,0.2625,0.046999999999999986,151.98,37.46799999999998,789.6415625,7.477180534998576,6.3966217041015625,0.0,2026-08-24 21:38:13.526963,2026-08-24 21:40:54.645442,15
fedml-cifar100-aug24_2140-885e,fedml,cifar100,FedAvg,iid,8,5,4000,,,3,0.265,3.363022976196729,0.017,0.24,0.025000000000000022,72.19,37.24249999999999,771.23486328125,8.015399712324143,6.3966217041015625,0.0,2026-08-24 21:40:58.626130,2026-08-24 21:42:19.993930,5
fedml-cifar100-aug24_2142-a5ec,fedml,cifar100,FedAvg,iid,8,10,4000,,,3,0.30375,4.303077991192158,0.0289,0.27,0.03375,123.36,38.99500000000002,783.9810546875,8.495443165302277,6.3966217041015625,0.0,2026-08-24 21:42:28.690457,2026-08-24 21:44:41.072929,10
fedml-cifar100-aug24_2144-5b88,fedml,cifar100,FedAvg,iid,8,15,4000,,,3,0.3271875,5.020717331996331,0.0179,0.2925,0.03468750000000004,173.93,38.79416666666667,793.3306315104167,8.299713712930679,6.3966217041015625,0.0006666666666666666,2026-08-24 21:44:43.777872,2026-08-24 21:47:46.810916,15
fedml-cifar100-aug24_2229-7a6c,fedml,cifar100,FedAvg,shard,5,10,2000,,2.0,3,0.469,2.321341620172773,0.0371,0.4,0.06899999999999995,69.05,53.662,771.934765625,4.264212183952331,6.3966217041015625,0.0,2026-08-24 22:29:30.570372,2026-08-24 22:30:48.749749,10
fedml-cifar100-aug24_2231-6fc0,fedml,cifar100,FedAvg,dirichlet,5,10,2000,0.5,,3,0.307,4.1187567642756875,0.0266,0.28,0.02699999999999997,66.38,53.52399999999999,768.266015625,4.2092216682434085,6.3966217041015625,0.0,2026-08-24 22:31:30.647163,2026-08-24 22:32:46.366094,10
fedml-cifar100-aug24_2255-1856,fedml,cifar100,FedProx,iid,5,10,2000,,,3,0.198,4.092568336214338,0.026,0.155,0.04300000000000001,76.45,53.722,780.87328125,5.139711713790893,6.3966217041015625,0.0,2026-08-24 22:55:43.809500,2026-08-24 22:57:09.698197,10
fedml-cifar100-aug24_2257-9da2,fedml,cifar100,FedProx,shard,5,10,2000,,2.0,3,0.468,2.009661650657654,0.0514,0.37,0.09800000000000003,78.99,53.76,777.60671875,5.533493633270264,6.3966217041015625,0.0,2026-08-24 22:57:13.935165,2026-08-24 22:58:42.242102,10
fedml-cifar100-aug24_2258-ec0c,fedml,cifar100,FedProx,dirichlet,5,10,2000,0.5,,3,0.289,3.6357876164572582,0.0402,0.23,0.05899999999999997,73.75,52.87599999999998,782.81921875,4.827045927047729,6.3966217041015625,0.0,2026-08-24 22:58:43.994343,2026-08-24 23:00:07.298897,10
fedml-femnist-aug24_2147-286e,fedml,femnist,FedAvg,iid,2,5,1000,,,3,0.69,1.4194396436214447,0.02,0.67,0.019999999999999907,28.0,32.06,935.82734375,1.5149549961090087,6.320060729980469,0.0,2026-08-24 21:47:58.898157,2026-08-24 21:48:35.724683,5
fedml-femnist-aug24_2148-8285,fedml,femnist,FedAvg,iid,2,10,1000,,,3,0.72,1.7337611764669418,0.04,0.68,0.039999999999999925,35.19,33.36999999999999,957.412890625,1.4635446071624756,6.320060729980469,0.0,2026-08-24 21:48:43.933826,2026-08-24 21:49:28.127802,10
fedml-femnist-aug24_2149-ccc3,fedml,femnist,FedAvg,iid,2,15,1000,,,3,0.76,1.9769890531897545,0.0,0.76,0.0,45.4,3.35,966.5361979166667,1.5157397508621215,6.320060729980469,0.0,2026-08-24 21:49:28.973291,2026-08-24 21:50:23.525633,15
fedml-femnist-aug24_2150-fd7e,fedml,femnist,FedAvg,iid,5,5,1000,,,3,0.68,1.115695820748806,0.0529,0.61,0.07000000000000006,34.52,13.711999999999996,949.3915625,1.6149240398406983,6.320060729980469,0.0,2026-08-24 21:50:29.021221,2026-08-24 21:51:12.396658,5
fedml-femnist-aug24_2151-50cc,fedml,femnist,FedAvg,iid,5,10,1000,,,3,0.714,1.067734445631504,0.0531,0.65,0.06399999999999995,46.35,54.04399999999999,953.523515625,1.663675627708435,6.320060729980469,0.0,2026-08-24 21:51:14.062919,2026-08-24 21:52:09.540800,10
fedml-femnist-aug24_2152-f3bd,fedml,femnist,FedAvg,iid,5,15,1000,,,3,0.72,1.1445063412189485,0.051,0.64,0.07999999999999996,53.36,54.50800000000001,974.99546875,1.6028889433542888,6.320060729980469,0.0,2026-08-24 21:52:14.113606,2026-08-24 21:53:17.033415,15
fedml-femnist-aug24_2153-db83,fedml,femnist,FedAvg,iid,8,5,1000,,,3,0.70125,1.1539098280481994,0.0362,0.64,0.06125000000000003,42.61,55.67499999999999,947.730859375,1.7863201916217804,6.320060729980469,0.0,2026-08-24 21:53:29.178229,2026-08-24 21:54:21.023895,5
fedml-femnist-aug24_2154-6bc7,fedml,femnist,FedAvg,iid,8,10,1000,,,3,0.74375,0.9878430902026594,0.0229,0.71,0.03375000000000006,52.4,56.79875000000002,960.345263671875,1.8479295194149017,6.320060729980469,0.001,2026-08-24 21:54:29.229223,2026-08-24 21:55:30.733608,10
fedml-femnist-aug24_2155-8d29,fedml,femnist,FedAvg,iid,8,15,1000,,,3,0.76375,1.0161643571627792,0.0234,0.72,0.04375000000000007,65.68,57.399166666666666,964.8415690104167,1.8560704211393992,6.320060729980469,0.0,2026-08-24 21:55:44.285493,2026-08-24 21:56:59.227510,15
fedml-femnist-aug24_2156-0615,fedml,femnist,FedAvg,iid,2,5,2000,,,3,0.8175,0.7563357299992016,0.0025,0.815,0.0025000000000000577,36.4,50.959999999999994,939.2296875,3.387478256225586,6.320060729980469,0.0,2026-08-24 21:56:59.346123,2026-08-24 21:57:44.927167,5
fedml-femnist-aug24_2157-d878,fedml,femnist,FedAvg,iid,2,10,2000,,,3,0.78,1.0371871239372663,0.005,0.775,0.0050000000000000044,54.28,51.00999999999999,953.9041015625,3.237714183330536,6.320060729980469,0.0,2026-08-24 21:57:59.386428,2026-08-24 21:59:02.746798,10
fedml-femnist-aug24_2159-b0b5,fedml,femnist,FedAvg,iid,2,15,2000,,,3,0.78,1.2939454285161835,0.01,0.77,0.010000000000000009,86.38,51.03666666666667,965.990234375,4.020281076431274,6.320060729980469,0.0,2026-08-24 21:59:14.433298,2026-08-24 22:00:50.231547,15
fedml-femnist-aug24_2200-4812,fedml,femnist,FedAvg,iid,5,5,2000,,,3,0.752,0.9218451270035337,0.0293,0.7,0.052000000000000046,45.39,54.11600000000001,938.96875,3.50857892036438,6.320060729980469,0.0,2026-08-24 22:00:59.497506,2026-08-24 22:01:53.857343,5
fedml-femnist-aug24_2201-3b9e,fedml,femnist,FedAvg,iid,5,10,2000,,,3,0.77,1.0384996908051627,0.0158,0.755,0.015000000000000013,68.4,54.29200000000001,960.82078125,3.873267107009888,6.320060729980469,0.001,2026-08-24 22:01:59.543147,2026-08-24 22:03:17.228986,10
fedml-femnist-aug24_2203-0101,fedml,femnist,FedAvg,iid,5,15,2000,,,3,0.786,1.1917432065520968,0.0244,0.755,0.031000000000000028,88.58,54.21200000000001,965.3701041666667,3.5641642570495606,6.320060729980469,0.0,2026-08-24 22:03:29.600638,2026-08-24 22:05:07.557608,15
fedml-femnist-aug24_2205-1032,fedml,femnist,FedAvg,iid,8,5,2000,,,3,0.77125,0.8453864670757737,0.0225,0.74,0.03125,52.74,57.019999999999996,950.79599609375,3.652059334516525,6.320060729980469,0.0,2026-08-24 22:05:14.668848,2026-08-24 22:06:16.617337,5
fedml-femnist-aug24_2206-3ce5,fedml,femnist,FedAvg,iid,8,10,2000,,,3,0.78875,0.8491773730409997,0.0145,0.77,0.018749999999999933,74.49,57.455000000000005,962.183251953125,3.8003446459770203,6.320060729980469,0.0,2026-08-24 22:06:29.723176,2026-08-24 22:07:53.421638,10
fedml-femnist-aug24_2207-3a49,fedml,femnist,FedAvg,iid,8,15,2000,,,3,0.80625,0.9154410885114755,0.0147,0.785,0.02124999999999999,96.08,57.34500000000001,967.69580078125,3.636571282148361,6.320060729980469,0.0,2026-08-24 22:07:59.787185,2026-08-24 22:09:45.412488,15
fedml-femnist-aug24_2209-1407,fedml,femnist,FedAvg,iid,2,5,4000,,,3,0.78375,0.8258148695413883,0.0113,0.7725,0.011249999999999982,55.13,50.55,941.855078125,6.56838059425354,6.320060729980469,0.0,2026-08-24 22:09:59.871781,2026-08-24 22:11:04.184586,5
fedml-femnist-aug24_2211-b2c1,fedml,femnist,FedAvg,iid,2,10,4000,,,3,0.78125,1.2163181866590793,0.0062,0.775,0.006249999999999978,100.69,50.760000000000005,954.983203125,7.000287675857544,6.320060729980469,0.0,2026-08-24 22:11:14.920166,2026-08-24 22:13:04.835519,10
fedml-femnist-aug24_2213-d55a,fedml,femnist,FedAvg,iid,2,15,4000,,,3,0.7775,1.6063566849781916,0.0125,0.765,0.012499999999999956,127.78,50.910000000000004,977.1407552083333,6.728874540328979,6.320060729980469,0.0,2026-08-24 22:13:14.987333,2026-08-24 22:15:32.083959,15
fedml-femnist-aug24_2215-2326,fedml,femnist,FedAvg,iid,5,5,4000,,,3,0.7845,0.7699059493266618,0.027,0.745,0.03949999999999998,67.03,53.788000000000004,946.1915625,7.1268724346160885,6.320060729980469,0.0,2026-08-24 22:15:45.068932,2026-08-24 22:17:01.531884,5
fedml-femnist-aug24_2217-a828,fedml,femnist,FedAvg,iid,5,10,4000,,,3,0.8035,0.9254847973585129,0.0171,0.7775,0.026000000000000023,109.68,54.507999999999996,964.363359375,7.44153678894043,6.320060729980469,0.0,2026-08-24 22:17:15.125780,2026-08-24 22:19:14.134721,10
fedml-femnist-aug24_2219-3340,fedml,femnist,FedAvg,iid,5,15,4000,,,3,0.8115,1.0894808505590148,0.0176,0.7825,0.029000000000000026,156.79,54.43600000000001,970.7225520833333,7.448314660390218,6.320060729980469,0.0006666666666666666,2026-08-24 22:19:15.192579,2026-08-24 22:22:01.574072,15
fedml-femnist-aug24_2222-db95,fedml,femnist,FedAvg,iid,8,5,4000,,,3,0.7921875,0.6799730207914343,0.0166,0.77,0.022187500000000027,73.05,56.25,947.1396484375,7.271513235569,6.320060729980469,0.0,2026-08-24 22:22:15.290604,2026-08-24 22:23:37.600531,5
fedml-femnist-aug24_2223-39a8,fedml,femnist,FedAvg,iid,8,10,4000,,,3,0.813125,0.6846294336450788,0.0152,0.795,0.018124999999999947,116.68,57.27625000000002,960.146337890625,7.324721324443817,6.320060729980469,0.0,2026-08-24 22:23:45.347737,2026-08-24 22:25:51.434918,10
fedml-femnist-aug24_2226-9f8e,fedml,femnist,FedAvg,iid,8,15,4000,,,3,0.8203125,0.7929186637584981,0.0135,0.805,0.015312499999999951,157.78,57.11083333333332,974.1734700520833,6.9150631388028465,6.320060729980469,0.0006666666666666666,2026-08-24 22:26:00.431341,2026-08-24 22:28:47.427939,15
flower-cifar100-aug23_1205-9173,flower,cifar100,FedAvg,iid,2,5,500,,,3,0.05,5.364584028720856,0.03,0.02,0.030000000000000002,36.81,1.51,646.86953125,1.4532416105270385,6.3966217041015625,0.012493515014648437,2026-08-23 12:05:53.109524,2026-08-23 12:06:43.629561,5
flower-cifar100-aug23_1206-7ba0,flower,cifar100,FedAvg,iid,2,10,500,,,3,0.14,7.420739769935608,0.0,0.14,0.0,67.8,1.295,677.146484375,1.4666256308555603,6.3966217041015625,0.012586474418640137,2026-08-23 12:06:53.174035,2026-08-23 12:08:15.616299,10
flower-cifar100-aug23_1208-bb11,flower,cifar100,FedAvg,iid,2,15,500,,,3,0.16,8.737963557243347,0.02,0.14,0.01999999999999999,96.09,1.1566666666666667,656.5666666666667,1.3859896898269652,6.3966217041015625,0.011892223358154297,2026-08-23 12:08:23.259902,2026-08-23 12:10:13.920455,15
flower-cifar100-aug23_1210-e0c7,flower,cifar100,FedAvg,iid,5,5,500,,,3,0.112,4.098825740814209,0.0271,0.08,0.032,72.23,1.4520000000000004,668.4590625,1.4057779121398926,6.3966217041015625,0.023087453842163087,2026-08-23 12:10:23.369961,2026-08-23 12:11:50.344274,5
flower-cifar100-aug23_1211-9262,flower,cifar100,FedAvg,iid,5,10,500,,,3,0.136,4.606819343566895,0.048,0.08,0.05600000000000001,134.25,1.2840000000000003,682.36859375,1.4368503952026368,6.3966217041015625,0.019370555877685547,2026-08-23 12:11:53.454525,2026-08-23 12:14:21.878951,10
flower-cifar100-aug23_1214-c851,flower,cifar100,FedAvg,iid,5,15,500,,,3,0.172,5.5600604057312015,0.0614,0.06,0.11199999999999999,196.76,1.1733333333333338,680.333125,1.3372740332285564,6.3966217041015625,0.019388834635416668,2026-08-23 12:14:23.594373,2026-08-23 12:17:54.592455,15
flower-cifar100-aug23_1218-f15a,flower,cifar100,FedAvg,iid,8,5,500,,,3,0.13,3.9055982381105423,0.0283,0.08,0.05,107.78,1.6275000000000006,673.035546875,1.5046373069286347,6.3966217041015625,0.031201982498168947,2026-08-23 12:18:03.799753,2026-08-23 12:20:06.039880,5
flower-cifar100-aug23_1220-ef9c,flower,cifar100,FedAvg,iid,8,10,500,,,3,0.145,4.144606664776802,0.0296,0.08,0.06499999999999999,203.01,1.345,684.486865234375,1.436450657248497,6.3966217041015625,0.03121504783630371,2026-08-23 12:20:13.926150,2026-08-23 12:23:50.909545,10
flower-cifar100-aug23_1223-a961,flower,cifar100,FedAvg,iid,8,15,500,,,3,0.175,4.4179814755916595,0.0278,0.12,0.05499999999999999,304.04,1.283333333333332,684.29453125,1.46247488061587,6.3966217041015625,0.0290617307027181,2026-08-23 12:23:54.137806,2026-08-23 12:29:12.530092,15
flower-cifar100-aug23_1229-a1c3,flower,cifar100,FedAvg,iid,2,5,1000,,,3,0.175,4.847807943820953,0.005,0.17,0.004999999999999977,47.53,1.5399999999999998,678.8140625,3.0038313388824465,6.3966217041015625,0.016222715377807617,2026-08-23 12:29:14.456833,2026-08-23 12:30:16.149259,5
flower-cifar100-aug23_1230-aa2a,flower,cifar100,FedAvg,iid,2,10,1000,,,3,0.12,8.106047928333282,0.0,0.12,0.0,86.53,1.3299999999999998,671.152734375,2.9358290791511537,6.3966217041015625,0.013176751136779786,2026-08-23 12:30:24.526098,2026-08-23 12:32:05.028299,10
flower-cifar100-aug23_1232-a13d,flower,cifar100,FedAvg,iid,2,15,1000,,,3,0.115,9.428623676300049,0.015,0.1,0.015,122.24,1.3300000000000005,668.602734375,2.85351144472758,6.3966217041015625,0.011277596155802408,2026-08-23 12:32:14.624045,2026-08-23 12:34:30.907642,15
flower-cifar100-aug23_1234-e5fe,flower,cifar100,FedAvg,iid,5,5,1000,,,3,0.184,3.556122434139252,0.0215,0.15,0.034,81.72,1.8159999999999996,685.55953125,2.9245738697052004,6.3966217041015625,0.024421119689941408,2026-08-23 12:34:34.747126,2026-08-23 12:36:10.768869,5
flower-cifar100-aug23_1236-a314,flower,cifar100,FedAvg,iid,5,10,1000,,,3,0.208,4.261803507804871,0.0299,0.15,0.057999999999999996,152.13,1.6280000000000001,690.857265625,2.826889352798462,6.3966217041015625,0.021783947944641113,2026-08-23 12:36:14.843044,2026-08-23 12:39:01.367892,10
flower-cifar100-aug23_1239-65ee,flower,cifar100,FedAvg,iid,5,15,1000,,,3,0.218,5.135929906368256,0.0397,0.17,0.04799999999999999,222.03,1.5120000000000005,688.2884375,2.8178685315450034,6.3966217041015625,0.02299609184265137,2026-08-23 12:39:04.998899,2026-08-23 12:43:01.057003,15
flower-cifar100-aug23_1243-e017,flower,cifar100,FedAvg,iid,8,5,1000,,,3,0.19125,3.4440815187990665,0.0267,0.15,0.04125000000000001,115.69,1.8849999999999998,684.3525390625,2.999463403224945,6.3966217041015625,0.028584861755371095,2026-08-23 12:43:05.218341,2026-08-23 12:45:15.044113,5
flower-cifar100-aug23_1245-fa24,flower,cifar100,FedAvg,iid,8,10,1000,,,3,0.225,3.6837864592671394,0.0312,0.19,0.035,220.95,1.6737499999999994,696.024560546875,2.82904814183712,6.3966217041015625,0.02950413227081299,2026-08-23 12:45:15.341917,2026-08-23 12:49:10.544668,10
flower-cifar100-aug23_1249-2fc2,flower,cifar100,FedAvg,iid,8,15,1000,,,3,0.24375,4.302184138447046,0.032,0.2,0.04374999999999998,325.32,1.621666666666666,699.1986979166667,2.8232899785041807,6.3966217041015625,0.028333600362141928,2026-08-23 12:49:15.567724,2026-08-23 12:54:55.639954,15
flower-cifar100-aug23_1352-0a06,flower,cifar100,FedAvg,iid,2,5,1000,,,3,0.14,4.661939740180969,0.01,0.13,0.010000000000000009,46.26,1.5499999999999996,675.289453125,2.8711293935775757,6.3966217041015625,0.0163114070892334,2026-08-23 13:52:34.725106,2026-08-23 13:53:35.342215,5
flower-cifar100-aug23_1353-9dd9,flower,cifar100,FedAvg,iid,2,10,1000,,,3,0.125,7.865196943283081,0.015,0.11,0.015,86.39,1.3949999999999996,679.33828125,2.9823625087738037,6.3966217041015625,0.012298846244812011,2026-08-23 13:53:49.781945,2026-08-23 13:55:30.882354,10
flower-cifar100-aug23_1355-3c77,flower,cifar100,FedAvg,iid,2,15,1000,,,3,0.12,9.273485481739044,0.01,0.11,0.009999999999999995,120.08,1.326666666666667,675.498828125,2.8793593327204388,6.3966217041015625,0.013874085744222005,2026-08-23 13:55:34.851533,2026-08-23 13:57:48.780042,15
flower-cifar100-aug23_1357-5cf6,flower,cifar100,FedAvg,iid,5,5,1000,,,3,0.164,3.7105210423469543,0.0294,0.12,0.04400000000000001,82.92,1.8639999999999999,682.82015625,2.960843553543091,6.3966217041015625,0.029754257202148436,2026-08-23 13:57:49.935701,2026-08-23 13:59:27.395317,5
flower-cifar100-aug23_1359-1a0e,flower,cifar100,FedAvg,iid,5,10,1000,,,3,0.198,4.480118310451507,0.0299,0.15,0.048000000000000015,154.46,1.608,681.219453125,2.8851979541778565,6.3966217041015625,0.024587607383728026,2026-08-23 13:59:35.011885,2026-08-23 14:02:23.128507,10
flower-cifar100-aug23_1402-2071,flower,cifar100,FedAvg,iid,5,15,1000,,,3,0.23,5.053199023008347,0.0329,0.18,0.05000000000000002,224.14,1.5253333333333339,685.3320833333333,2.8348316192626952,6.3966217041015625,0.020523993174235027,2026-08-23 14:02:35.129837,2026-08-23 14:06:34.231194,15
flower-cifar100-aug23_1406-ebf2,flower,cifar100,FedAvg,iid,8,5,1000,,,3,0.165,3.561569057404995,0.0283,0.13,0.035,116.46,1.8525000000000005,680.619921875,3.0258968114852904,6.3966217041015625,0.031759023666381836,2026-08-23 14:06:35.288683,2026-08-23 14:08:45.751561,5
flower-cifar100-aug23_1408-7c38,flower,cifar100,FedAvg,iid,8,10,1000,,,3,0.21625,3.783662050962448,0.0264,0.17,0.046249999999999986,225.94,1.6812500000000004,704.529931640625,2.9072564482688903,6.3966217041015625,0.02788999080657959,2026-08-23 14:08:50.385822,2026-08-23 14:12:50.534499,10
flower-cifar100-aug23_1413-2566,flower,cifar100,FedAvg,iid,8,15,1000,,,3,0.2475,4.317752957344055,0.0356,0.19,0.057499999999999996,324.13,1.6149999999999998,693.7793294270833,2.7816598494847615,6.3966217041015625,0.030314906438191732,2026-08-23 14:13:05.569083,2026-08-23 14:18:44.160569,15
flower-cifar100-aug23_1418-fbd0,flower,cifar100,FedAvg,iid,2,5,2000,,,3,0.1725,4.6928770031247815,0.0125,0.16,0.012499999999999983,66.2,1.6300000000000001,684.97578125,6.414375853538513,6.3966217041015625,0.01746654510498047,2026-08-23 14:18:50.806106,2026-08-23 14:20:11.670201,5
flower-cifar100-aug23_1420-6c5e,flower,cifar100,FedAvg,iid,2,10,2000,,,3,0.1825,7.376100131443568,0.0125,0.17,0.012499999999999983,117.41,1.5349999999999995,701.8853515625,5.8600804805755615,6.3966217041015625,0.014760136604309082,2026-08-23 14:20:20.872785,2026-08-23 14:22:32.386572,10
flower-cifar100-aug23_1422-fa87,flower,cifar100,FedAvg,iid,2,15,2000,,,3,0.175,8.576899187905449,0.005,0.17,0.004999999999999977,175.51,1.4599999999999995,706.430859375,5.852072771390279,6.3966217041015625,0.013283872604370117,2026-08-23 14:22:35.957992,2026-08-23 14:25:45.887434,15
flower-cifar100-aug23_1425-125f,flower,cifar100,FedAvg,iid,5,5,2000,,,3,0.255,3.138730451038906,0.0164,0.235,0.020000000000000018,97.52,2.1959999999999997,697.41265625,5.77709885597229,6.3966217041015625,0.023077392578125,2026-08-23 14:25:51.070668,2026-08-23 14:27:43.138126,5
flower-cifar100-aug23_1427-d91f,flower,cifar100,FedAvg,iid,5,10,2000,,,3,0.252,4.123816040584019,0.0169,0.23,0.021999999999999992,182.45,2.0340000000000003,719.743671875,5.623249397277832,6.3966217041015625,0.02261230945587158,2026-08-23 14:27:51.149692,2026-08-23 14:31:07.568393,10
flower-cifar100-aug23_1431-92c0,flower,cifar100,FedAvg,iid,5,15,2000,,,3,0.245,5.271275758743286,0.0235,0.21,0.035,263.76,1.9320000000000015,711.4064583333334,5.22916212717692,6.3966217041015625,0.018674596150716146,2026-08-23 14:31:21.282758,2026-08-23 14:35:59.876646,15
flower-cifar100-aug23_1436-b453,flower,cifar100,FedAvg,iid,8,5,2000,,,3,0.240625,3.18573688183512,0.021,0.205,0.03562500000000002,129.97,2.3675,697.9609375,5.688303369283676,6.3966217041015625,0.030804872512817383,2026-08-23 14:36:06.461885,2026-08-23 14:38:30.856698,5
flower-cifar100-aug23_1438-f5fb,flower,cifar100,FedAvg,iid,8,10,2000,,,3,0.26125,3.4221621368612563,0.0281,0.225,0.03624999999999998,251.66,2.2399999999999993,709.44033203125,5.499641942977905,6.3966217041015625,0.0274627685546875,2026-08-23 14:38:36.563576,2026-08-23 14:43:02.511604,10
flower-cifar100-aug23_1443-d351,flower,cifar100,FedAvg,iid,8,15,2000,,,3,0.273125,4.176173269748688,0.0232,0.235,0.03812500000000002,366.82,2.164999999999999,722.3618815104167,5.377834413448969,6.3966217041015625,0.02732426325480143,2026-08-23 14:43:06.743958,2026-08-23 14:49:27.695695,15
flower-cifar100-aug23_1449-ac02,flower,cifar100,FedAvg,iid,2,5,4000,,,3,0.23875,4.1659555068382845,0.0062,0.2325,0.006249999999999978,96.37,1.83,717.752734375,12.133179473876954,6.3966217041015625,0.013648271560668945,2026-08-23 14:49:37.007533,2026-08-23 14:51:27.615141,5
flower-cifar100-aug23_1451-5775,flower,cifar100,FedAvg,iid,2,10,4000,,,3,0.2525,6.1189246727870055,0.025,0.2275,0.024999999999999994,172.38,1.7200000000000002,719.404296875,10.990686917304993,6.3966217041015625,0.01287386417388916,2026-08-23 14:51:37.080426,2026-08-23 14:54:43.368838,10
flower-cifar100-aug23_1454-ab30,flower,cifar100,FedAvg,iid,2,15,4000,,,3,0.25875,7.547085138467642,0.0188,0.24,0.01874999999999999,288.35,1.6100000000000003,722.3915364583333,11.895435214042664,6.3966217041015625,0.012872791290283203,2026-08-23 14:54:52.186907,2026-08-23 14:59:54.819769,15
flower-cifar100-aug23_1500-cf65,flower,cifar100,FedAvg,iid,5,5,4000,,,3,0.2975,2.850643653136033,0.0294,0.255,0.04249999999999998,124.86,2.7000000000000006,727.62140625,11.300072441101074,6.3966217041015625,0.023220396041870116,2026-08-23 15:00:07.355858,2026-08-23 15:02:26.693261,5
flower-cifar100-aug23_1502-a837,flower,cifar100,FedAvg,iid,5,10,4000,,,3,0.32,3.6977054779346177,0.0147,0.3,0.020000000000000018,239.91,2.604000000000001,722.635078125,11.068201122283936,6.3966217041015625,0.022246527671813964,2026-08-23 15:02:37.451601,2026-08-23 15:06:51.852073,10
flower-cifar100-aug23_1506-95e6,flower,cifar100,FedAvg,iid,5,15,4000,,,3,0.3185,4.539008753116314,0.0345,0.2625,0.055999999999999994,360.15,2.521333333333335,735.96140625,11.066829468409221,6.3966217041015625,0.01967730522155762,2026-08-23 15:06:52.603596,2026-08-23 15:13:06.966316,15
flower-cifar100-aug23_1513-2bac,flower,cifar100,FedAvg,iid,8,5,4000,,,3,0.319375,2.795818648659266,0.0158,0.2975,0.021875000000000033,164.09,3.2775000000000007,724.5146484375,11.569657218456268,6.3966217041015625,0.031005287170410158,2026-08-23 15:13:07.825463,2026-08-23 15:16:06.001775,5
flower-cifar100-aug23_1516-f7fd,flower,cifar100,FedAvg,iid,8,10,4000,,,3,0.3496875,3.2246863715923753,0.0245,0.305,0.04468749999999999,310.49,3.0550000000000006,741.73291015625,11.053239366412162,6.3966217041015625,0.030623555183410645,2026-08-23 15:16:07.938611,2026-08-23 15:21:32.314857,10
flower-cifar100-aug23_1521-91f3,flower,cifar100,FedAvg,iid,8,15,4000,,,3,0.3559375,3.8914327140037828,0.0237,0.32,0.03593750000000001,458.65,3.055000000000001,752.77421875,11.078897585471472,6.3966217041015625,0.03398011525472005,2026-08-23 15:21:38.151577,2026-08-23 15:29:30.850133,15
flower-cifar100-aug23_1752-34f1,flower,cifar100,FedProx,iid,5,10,2000,,,3,0.246,3.4899388449532647,0.026,0.205,0.04100000000000001,198.5,2.2680000000000002,731.16546875,7.485863976478576,6.3966217041015625,0.022252726554870605,2026-08-23 17:52:43.427555,2026-08-23 17:56:16.014756,10
flower-cifar100-aug23_1756-0d44,flower,cifar100,FedAvg,shard,5,10,2000,,2.0,3,0.226,3.47794177872794,0.0472,0.175,0.05100000000000002,183.07,2.0380000000000003,707.829921875,5.847083301544189,6.3966217041015625,0.021564483642578125,2026-08-23 17:56:28.567907,2026-08-23 17:59:45.976707,10
flower-cifar100-aug23_1759-3b05,flower,cifar100,FedProx,shard,5,10,2000,,2.0,3,0.235,3.2501063074384415,0.0179,0.21,0.024999999999999994,197.63,2.1839999999999993,733.229140625,7.073888354301452,6.3966217041015625,0.02019054889678955,2026-08-23 17:59:58.691947,2026-08-23 18:03:30.606745,10
flower-cifar100-aug23_1803-5153,flower,cifar100,FedAvg,dirichlet,5,10,2000,0.5,,3,0.254,4.080323362350464,0.0338,0.215,0.03900000000000001,185.61,2.042,706.5540625,5.729815969467163,6.3966217041015625,0.021222233772277832,2026-08-23 18:03:43.820445,2026-08-23 18:07:04.205994,10
flower-cifar100-aug23_1807-a463,flower,cifar100,FedProx,dirichlet,5,10,2000,0.5,,3,0.235,3.608294425691877,0.027,0.205,0.03,199.54,2.2279999999999998,737.385546875,7.285509867668152,6.3966217041015625,0.020352697372436522,2026-08-23 18:07:13.954820,2026-08-23 18:10:47.503905,10
flower-cifar100-aug24_2326-24c1,flower,cifar100,FedAvg,iid,2,5,1000,,,3,0.16,4.994191974401474,0.01,0.15,0.010000000000000009,46.58,16.0,679.65703125,2.3345555305480956,6.3966217041015625,0.008661937713623048,2026-08-24 23:26:16.600830,2026-08-24 23:27:17.637257,5
flower-cifar100-aug24_2327-d9b1,flower,cifar100,FedAvg,iid,2,10,1000,,,3,0.14,7.667612969875336,0.01,0.13,0.010000000000000009,81.7,11.5,663.4041015625,2.433341324329376,6.3966217041015625,0.009037542343139648,2026-08-24 23:27:31.704560,2026-08-24 23:29:07.657425,10
flower-cifar100-aug24_2329-de7d,flower,cifar100,FedAvg,iid,2,15,1000,,,3,0.17,9.102880299091339,0.0,0.17,0.0,111.26,16.333333333333332,693.8014322916666,2.2586818377176923,6.3966217041015625,0.006997982660929362,2026-08-24 23:29:16.765649,2026-08-24 23:31:22.029991,15
flower-cifar100-aug24_2331-df03,flower,cifar100,FedAvg,iid,5,5,1000,,,3,0.172,3.681639087200165,0.0387,0.12,0.05199999999999999,77.18,16.4,688.4284375,2.289661474227905,6.3966217041015625,0.011871099472045898,2026-08-24 23:31:31.853058,2026-08-24 23:33:03.818771,5
flower-cifar100-aug24_2333-cc1b,flower,cifar100,FedAvg,iid,5,10,1000,,,3,0.204,4.103294706344604,0.0102,0.19,0.013999999999999985,144.66,13.8,691.139375,2.176792321205139,6.3966217041015625,0.012070989608764649,2026-08-24 23:33:16.925094,2026-08-24 23:35:55.837528,10
flower-cifar100-aug24_2336-45b9,flower,cifar100,FedAvg,iid,5,15,1000,,,3,0.19,5.198409783840179,0.0089,0.18,0.010000000000000009,206.9,13.733333333333333,697.54671875,2.0838492743174233,6.3966217041015625,0.010877275466918945,2026-08-24 23:36:02.030422,2026-08-24 23:39:43.954833,15
flower-cifar100-aug24_2339-565b,flower,cifar100,FedAvg,iid,8,5,1000,,,3,0.18,3.5589628256857395,0.0436,0.09,0.09,112.8,15.0,688.32138671875,2.0614933371543884,6.3966217041015625,0.01663684844970703,2026-08-24 23:39:47.163615,2026-08-24 23:41:53.951309,5
flower-cifar100-aug24_2342-aedf,flower,cifar100,FedAvg,iid,8,10,1000,,,3,0.2325,3.655932944267988,0.029,0.19,0.04250000000000001,212.92,14.875,706.870556640625,2.077115127444267,6.3966217041015625,0.015512752532958984,2026-08-24 23:42:02.258690,2026-08-24 23:45:50.239230,10
flower-cifar100-aug24_2346-e72b,flower,cifar100,FedAvg,iid,8,15,1000,,,3,0.25125,4.194311663508415,0.0318,0.2,0.05124999999999996,313.56,15.0,712.70478515625,2.1190150400002796,6.3966217041015625,0.01639582316080729,2026-08-24 23:46:02.412018,2026-08-24 23:51:30.831981,15
flower-cifar100-aug24_2351-93c3,flower,cifar100,FedAvg,iid,2,5,2000,,,3,0.195,4.318319405828204,0.02,0.175,0.020000000000000018,56.38,14.0,689.642578125,4.203596520423889,6.3966217041015625,0.008120441436767578,2026-08-24 23:51:32.619360,2026-08-24 23:52:42.906235,5
flower-cifar100-aug24_2352-2cf1,flower,cifar100,FedAvg,iid,2,10,2000,,,3,0.185,6.920975514820643,0.005,0.18,0.0050000000000000044,98.81,11.0,687.006640625,3.8599836587905885,6.3966217041015625,0.006682133674621582,2026-08-24 23:52:47.663428,2026-08-24 23:54:40.637490,10
flower-cifar100-aug24_2354-e022,flower,cifar100,FedAvg,iid,2,15,2000,,,3,0.1925,8.409304244177683,0.0125,0.18,0.012500000000000011,144.24,9.333333333333334,684.5966145833333,3.945612637201945,6.3966217041015625,0.006685622533162435,2026-08-24 23:54:47.729130,2026-08-24 23:57:26.208273,15
flower-cifar100-aug24_2357-3158,flower,cifar100,FedAvg,iid,5,5,2000,,,3,0.232,3.1750404698508126,0.033,0.2,0.032,90.01,13.6,707.46578125,4.494930896759033,6.3966217041015625,0.012169075012207032,2026-08-24 23:57:32.815473,2026-08-24 23:59:17.304857,5
flower-cifar100-aug24_2359-8b5d,flower,cifar100,FedAvg,iid,5,10,2000,,,3,0.258,4.193679543903895,0.0136,0.24,0.018000000000000016,170.42,11.2,704.598046875,4.493951292037964,6.3966217041015625,0.011737346649169922,2026-08-24 23:59:17.880780,2026-08-25 00:02:22.150705,10
flower-cifar100-aug25_0002-d966,flower,cifar100,FedAvg,iid,5,15,2000,,,3,0.263,5.278198759896415,0.0196,0.235,0.028000000000000025,248.67,13.2,716.5325,4.19277348836263,6.3966217041015625,0.011257489522298178,2026-08-25 00:02:32.990038,2026-08-25 00:06:55.977546,15
flower-cifar100-aug25_0007-014a,flower,cifar100,FedAvg,iid,8,5,2000,,,3,0.235,3.1733820864132474,0.0282,0.195,0.03999999999999998,124.72,13.5,704.90126953125,4.334439158439636,6.3966217041015625,0.016258049011230468,2026-08-25 00:07:03.137426,2026-08-25 00:09:22.403471,5
flower-cifar100-aug25_0009-933e,flower,cifar100,FedAvg,iid,8,10,2000,,,3,0.2775,3.376637720635959,0.0162,0.255,0.02250000000000002,236.73,13.625,723.343115234375,4.1722178786993025,6.3966217041015625,0.01586441993713379,2026-08-25 00:09:33.223319,2026-08-25 00:13:44.666144,10
flower-cifar100-aug25_0013-7f21,flower,cifar100,FedAvg,iid,8,15,2000,,,3,0.283125,4.1407423828329355,0.0229,0.26,0.023125000000000007,346.35,14.666666666666666,729.9828125,3.9656784574190778,6.3966217041015625,0.017529010772705078,2026-08-25 00:13:48.371601,2026-08-25 00:19:48.827764,15
flower-cifar100-aug25_0020-7a52,flower,cifar100,FedAvg,iid,2,5,4000,,,3,0.245,3.6560319111897392,0.01,0.235,0.010000000000000009,74.53,16.0,717.682421875,8.03981635570526,6.3966217041015625,0.010023546218872071,2026-08-25 00:20:03.607701,2026-08-25 00:21:32.064101,5
flower-cifar100-aug25_0021-02d8,flower,cifar100,FedAvg,iid,2,10,4000,,,3,0.24625,6.659672581232511,0.0213,0.225,0.02124999999999999,140.19,12.0,719.682421875,7.899431157112121,6.3966217041015625,0.0066081762313842775,2026-08-25 00:21:33.664738,2026-08-25 00:24:08.081637,10
flower-cifar100-aug25_0024-4436,flower,cifar100,FedAvg,iid,2,15,4000,,,3,0.2625,7.590653933011569,0.0125,0.25,0.012500000000000011,209.93,15.666666666666666,732.5778645833333,8.036626887321471,6.3966217041015625,0.007268428802490234,2026-08-25 00:24:18.747071,2026-08-25 00:28:03.095589,15
flower-cifar100-aug25_0028-20ec,flower,cifar100,FedAvg,iid,5,5,4000,,,3,0.3105,2.8293742033151474,0.02,0.2775,0.032999999999999974,114.85,16.0,727.950625,8.616171131134033,6.3966217041015625,0.013124465942382812,2026-08-25 00:28:03.855942,2026-08-25 00:30:13.185280,5
flower-cifar100-aug25_0030-40fa,flower,cifar100,FedAvg,iid,5,10,4000,,,3,0.343,3.7203202192599956,0.0196,0.31,0.03300000000000003,211.05,13.4,737.628359375,8.236145377159119,6.3966217041015625,0.01056208610534668,2026-08-25 00:30:18.933533,2026-08-25 00:34:04.367922,10
flower-cifar100-aug25_0034-9dce,flower,cifar100,FedAvg,iid,5,15,4000,,,3,0.333,4.714942638690656,0.0246,0.3,0.03300000000000003,315.66,16.0,744.8203125,7.990738779703776,6.3966217041015625,0.013055626551310222,2026-08-25 00:34:19.058842,2026-08-25 00:39:48.931376,15
flower-cifar100-aug25_0039-6a25,flower,cifar100,FedAvg,iid,8,5,4000,,,3,0.333125,2.747562199831009,0.019,0.3075,0.02562500000000001,146.57,12.75,721.2837890625,8.18784632086754,6.3966217041015625,0.020215177536010744,2026-08-25 00:39:49.243224,2026-08-25 00:42:29.689906,5
flower-cifar100-aug25_0042-60fc,flower,cifar100,FedAvg,iid,8,10,4000,,,3,0.3375,3.162631472715965,0.0186,0.3025,0.03500000000000003,278.51,14.248750000000001,743.170361328125,8.053123584389686,6.3966217041015625,0.015520906448364258,2026-08-25 00:42:34.345907,2026-08-25 00:47:27.913275,10
flower-cifar100-aug25_0047-8cf6,flower,cifar100,FedAvg,iid,8,15,4000,,,3,0.35875,3.9987160953191614,0.0178,0.3375,0.02124999999999999,416.65,16.166666666666668,752.6428385416667,8.426330234607061,6.3966217041015625,0.01615422566731771,2026-08-25 00:47:34.537047,2026-08-25 00:54:45.304610,15
flower-femnist-aug23_1529-e9c1,flower,femnist,FedAvg,iid,2,5,1000,,,3,0.7,1.2213653475046158,0.03,0.67,0.029999999999999916,96.64,1.4599999999999997,907.022265625,2.8604149341583254,6.320060729980469,0.014215803146362305,2026-08-23 15:29:38.469170,2026-08-23 15:31:38.244287,5
flower-femnist-aug23_1531-7c20,flower,femnist,FedAvg,iid,2,10,1000,,,3,0.72,1.5863056257367134,0.01,0.71,0.010000000000000009,187.51,1.3149999999999997,918.880078125,2.70041880607605,6.320060729980469,0.01432943344116211,2026-08-23 15:31:38.541518,2026-08-23 15:34:59.941931,10
flower-femnist-aug23_1535-54ae,flower,femnist,FedAvg,iid,2,15,1000,,,3,0.735,2.298063561320305,0.005,0.73,0.0050000000000000044,273.94,1.2966666666666669,919.1354166666666,2.4369367678960163,6.320060729980469,0.013765875498453777,2026-08-23 15:35:08.657529,2026-08-23 15:39:56.569002,15
flower-femnist-aug23_1540-9cc8,flower,femnist,FedAvg,iid,5,5,1000,,,3,0.714,1.01385657787323,0.0258,0.67,0.04399999999999993,133.08,1.9720000000000002,915.02765625,2.5538491725921633,6.320060729980469,0.02523632049560547,2026-08-23 15:40:08.817841,2026-08-23 15:42:35.811364,5
flower-femnist-aug23_1542-da6c,flower,femnist,FedAvg,iid,5,10,1000,,,3,0.736,0.9548003509640693,0.0467,0.67,0.06599999999999995,257.8,1.8660000000000005,931.25953125,2.4879528188705446,6.320060729980469,0.021152186393737792,2026-08-23 15:42:38.910507,2026-08-23 15:47:11.320133,10
flower-femnist-aug23_1547-0331,flower,femnist,FedAvg,iid,5,15,1000,,,3,0.76,1.0808100715279578,0.0395,0.7,0.06000000000000005,383.38,1.8226666666666664,938.7764583333334,2.529639902114868,6.320060729980469,0.02461444536844889,2026-08-23 15:47:24.080721,2026-08-23 15:54:02.160770,15
flower-femnist-aug23_1554-ca99,flower,femnist,FedAvg,iid,8,5,1000,,,3,0.76375,0.8363402457907796,0.0424,0.69,0.0737500000000001,170.97,2.32,920.30224609375,2.8077590644359587,6.320060729980469,0.03270912170410156,2026-08-23 15:54:09.313481,2026-08-23 15:57:14.560572,5
flower-femnist-aug23_1557-3f52,flower,femnist,FedAvg,iid,8,10,1000,,,3,0.79375,0.7031888354104012,0.0308,0.75,0.043749999999999956,333.95,2.183749999999999,934.084765625,2.578567346930504,6.320060729980469,0.02919166088104248,2026-08-23 15:57:24.433102,2026-08-23 16:03:12.906944,10
flower-femnist-aug23_1603-e04d,flower,femnist,FedAvg,iid,8,15,1000,,,3,0.795,0.7986347745172679,0.035,0.75,0.04500000000000004,488.93,2.142499999999999,939.4093098958333,2.5959196190039315,6.320060729980469,0.046280924479166666,2026-08-23 16:03:24.650470,2026-08-23 16:11:48.125470,15
flower-femnist-aug23_1611-17ba,flower,femnist,FedAvg,iid,2,5,2000,,,3,0.81,0.6997471590127264,0.03,0.78,0.030000000000000027,110.45,1.4400000000000002,925.72265625,5.121551179885865,6.320060729980469,0.013862419128417968,2026-08-23 16:11:54.971284,2026-08-23 16:13:59.734847,5
flower-femnist-aug23_1614-f368,flower,femnist,FedAvg,iid,2,10,2000,,,3,0.8,0.9104148149490356,0.0,0.8,0.0,214.47,1.4350000000000003,910.6931640625,5.233340811729431,6.320060729980469,0.013217806816101074,2026-08-23 16:14:10.048370,2026-08-23 16:17:59.129403,10
flower-femnist-aug23_1618-61ef,flower,femnist,FedAvg,iid,2,15,2000,,,3,0.79,1.2836428923266274,0.01,0.78,0.010000000000000009,314.04,1.3766666666666663,918.6279947916667,4.814458076159159,6.320060729980469,0.011433283487955729,2026-08-23 16:18:10.174544,2026-08-23 16:23:38.640878,15
flower-femnist-aug23_1623-62cf,flower,femnist,FedAvg,iid,5,5,2000,,,3,0.783,0.7761701686041694,0.0166,0.76,0.02300000000000002,153.01,2.3200000000000007,910.9659375,6.355748157501221,6.320060729980469,0.024781513214111327,2026-08-23 16:23:40.349387,2026-08-23 16:26:27.361429,5
flower-femnist-aug23_1626-3cb5,flower,femnist,FedAvg,iid,5,10,2000,,,3,0.794,0.8627539932727813,0.0159,0.78,0.014000000000000012,288.62,2.092,928.11921875,5.305871634483338,6.320060729980469,0.025026512145996094,2026-08-23 16:26:40.455773,2026-08-23 16:31:43.643409,10
flower-femnist-aug23_1631-b54c,flower,femnist,FedAvg,iid,5,15,2000,,,3,0.787,1.0985920301505498,0.0387,0.73,0.05700000000000005,424.28,2.0333333333333337,929.8282291666667,4.93161389986674,6.320060729980469,0.02455876668294271,2026-08-23 16:31:55.634947,2026-08-23 16:39:13.985761,15
flower-femnist-aug23_1639-f433,flower,femnist,FedAvg,iid,8,5,2000,,,3,0.806875,0.6510026188833373,0.023,0.78,0.026874999999999982,192.01,2.6375,916.91376953125,5.7161389827728275,6.320060729980469,0.03143467903137207,2026-08-23 16:39:25.894795,2026-08-23 16:42:51.949093,5
flower-femnist-aug23_1642-9ce7,flower,femnist,FedAvg,iid,8,10,2000,,,3,0.8325,0.6364559685545309,0.0217,0.795,0.03749999999999998,360.06,2.468750000000001,934.338134765625,4.917863371968269,6.320060729980469,0.033318948745727536,2026-08-23 16:42:56.020852,2026-08-23 16:49:10.458501,10
flower-femnist-aug23_1649-4717,flower,femnist,FedAvg,iid,8,15,2000,,,3,0.818125,0.6936498428029674,0.0263,0.78,0.038124999999999964,534.95,2.440000000000001,947.12646484375,5.010372211535771,6.320060729980469,0.02740956942240397,2026-08-23 16:49:11.243199,2026-08-23 16:58:20.529798,15
flower-femnist-aug23_1658-cce0,flower,femnist,FedAvg,iid,2,5,4000,,,3,0.8275,0.7007905262020918,0.005,0.8225,0.0050000000000000044,132.41,1.5900000000000003,918.741796875,9.430576944351197,6.320060729980469,0.017473983764648437,2026-08-23 16:58:26.584232,2026-08-23 17:00:53.619541,5
flower-femnist-aug23_1700-754f,flower,femnist,FedAvg,iid,2,10,4000,,,3,0.81,1.0350384746606534,0.0025,0.8075,0.0025000000000000577,255.79,1.4799999999999995,922.741015625,9.190109217166901,6.320060729980469,0.01557779312133789,2026-08-23 17:00:56.670052,2026-08-23 17:05:26.687092,10
flower-femnist-aug23_1705-1b13,flower,femnist,FedAvg,iid,2,15,4000,,,3,0.7925,1.2847101413286648,0.0,0.7925,0.0,406.03,1.4666666666666661,937.2158854166667,10.321086319287618,6.320060729980469,0.014982843399047851,2026-08-23 17:05:26.809840,2026-08-23 17:12:26.886101,15
flower-femnist-aug23_1712-a385,flower,femnist,FedAvg,iid,5,5,4000,,,3,0.824,0.6053545232002552,0.0058,0.8175,0.00649999999999995,183.08,2.555999999999999,930.75015625,10.957858448028565,6.320060729980469,0.02404947280883789,2026-08-23 17:12:27.025985,2026-08-23 17:15:44.409332,5
flower-femnist-aug23_1715-9261,flower,femnist,FedAvg,iid,5,10,4000,,,3,0.829,0.7239023641898081,0.0134,0.8125,0.01649999999999996,358.57,2.456,929.957109375,10.995731387138367,6.320060729980469,0.020912671089172365,2026-08-23 17:15:57.144034,2026-08-23 17:22:10.078110,10
flower-femnist-aug23_1722-c685,flower,femnist,FedAvg,iid,5,15,4000,,,3,0.8195,0.8862223010796766,0.0102,0.8075,0.01200000000000001,496.14,2.409333333333335,949.5309895833333,9.694035520553589,6.320060729980469,0.023809305826822915,2026-08-23 17:22:12.347342,2026-08-23 17:30:42.804418,15
flower-femnist-aug23_1730-9801,flower,femnist,FedAvg,iid,8,5,4000,,,3,0.8378125,0.5089791120531468,0.0144,0.82,0.01781250000000001,218.09,3.1850000000000005,927.98447265625,10.823412585258485,6.320060729980469,0.033538818359375,2026-08-23 17:30:57.642649,2026-08-23 17:34:50.234522,5
flower-femnist-aug23_1734-587f,flower,femnist,FedAvg,iid,8,10,4000,,,3,0.845,0.5186643842607737,0.0133,0.8325,0.012499999999999956,412.1,2.98125,934.258935546875,9.602280727028846,6.320060729980469,0.03322620391845703,2026-08-23 17:34:57.784193,2026-08-23 17:42:04.733204,10
flower-femnist-aug23_1742-c88b,flower,femnist,FedAvg,iid,8,15,4000,,,3,0.8415625,0.5604066175337021,0.0062,0.8325,0.009062499999999973,613.3,2.9433333333333342,949.9255208333333,9.639476237694423,6.320060729980469,0.030559015274047852,2026-08-23 17:42:13.043658,2026-08-23 17:52:40.496403,15
flower-femnist-aug25_0054-92f2,flower,femnist,FedAvg,iid,2,5,1000,,,3,0.69,1.3229988366365433,0.02,0.67,0.019999999999999907,101.93,12.0,902.15625,1.6329581975936889,6.320060729980469,0.008497858047485351,2026-08-25 00:54:49.818228,2026-08-25 00:56:47.213684,5
flower-femnist-aug25_0056-3719,flower,femnist,FedAvg,iid,2,10,1000,,,3,0.725,1.7770761102437973,0.025,0.7,0.025000000000000022,193.11,10.5,905.612890625,1.8133612751960755,6.320060729980469,0.007802438735961914,2026-08-25 00:56:49.891140,2026-08-25 01:00:17.911190,10
flower-femnist-aug25_0100-1ae0,flower,femnist,FedAvg,iid,2,15,1000,,,3,0.695,2.1356941908597946,0.015,0.68,0.014999999999999902,281.55,12.333333333333334,922.459375,1.7316277345021567,6.320060729980469,0.0077327251434326175,2026-08-25 01:00:19.998340,2026-08-25 01:05:15.923837,15
flower-femnist-aug25_0105-771c,flower,femnist,FedAvg,iid,5,5,1000,,,3,0.712,0.9927286565303802,0.0426,0.65,0.061999999999999944,134.28,9.6,906.6034375,1.889836359024048,6.320060729980469,0.012549924850463866,2026-08-25 01:05:20.147902,2026-08-25 01:07:48.456724,5
flower-femnist-aug25_0107-814d,flower,femnist,FedAvg,iid,5,10,1000,,,3,0.728,0.9798690125346183,0.0354,0.67,0.05799999999999994,256.93,12.6,927.11546875,1.799428834915161,6.320060729980469,0.01267240047454834,2026-08-25 01:07:50.232891,2026-08-25 01:12:21.530418,10
flower-femnist-aug25_0112-504e,flower,femnist,FedAvg,iid,5,15,1000,,,3,0.756,1.0613173812627792,0.0356,0.7,0.05600000000000005,385.03,11.866666666666667,930.35984375,1.7535621452331542,6.320060729980469,0.012593237559000652,2026-08-25 01:12:35.386090,2026-08-25 01:19:14.832753,15
flower-femnist-aug25_0119-5fc6,flower,femnist,FedAvg,iid,8,5,1000,,,3,0.755,0.8959528517443687,0.0406,0.68,0.07499999999999996,169.31,11.25,912.4439453125,1.8018029510974884,6.320060729980469,0.016990184783935547,2026-08-25 01:19:20.607110,2026-08-25 01:22:25.958508,5
flower-femnist-aug25_0122-1b13,flower,femnist,FedAvg,iid,8,10,1000,,,3,0.79875,0.7304086284711957,0.0232,0.77,0.028749999999999942,331.59,11.875,929.3349609375,1.8326150864362716,6.320060729980469,0.014080548286437988,2026-08-25 01:22:35.719788,2026-08-25 01:28:21.789105,10
flower-femnist-aug25_0128-3557,flower,femnist,FedAvg,iid,8,15,1000,,,3,0.79,0.7434263336472213,0.0377,0.73,0.06000000000000005,489.07,11.333333333333334,936.0003255208334,1.8572475214799244,6.320060729980469,0.01506803830464681,2026-08-25 01:28:35.921142,2026-08-25 01:36:59.847056,15
flower-femnist-aug25_0137-1d07,flower,femnist,FedAvg,iid,2,5,2000,,,3,0.79,0.7472566536494664,0.02,0.77,0.020000000000000018,110.18,12.0,906.657421875,3.919164943695068,6.320060729980469,0.00833439826965332,2026-08-25 01:37:06.221761,2026-08-25 01:39:10.438552,5
flower-femnist-aug25_0139-3f37,flower,femnist,FedAvg,iid,2,10,2000,,,3,0.8025,1.0296837325607027,0.0075,0.795,0.007499999999999951,215.12,10.5,906.1392578125,3.860054624080658,6.320060729980469,0.006626009941101074,2026-08-25 01:39:21.297986,2026-08-25 01:43:11.274153,10
flower-femnist-aug25_0143-466e,flower,femnist,FedAvg,iid,2,15,2000,,,3,0.795,1.3648865159068788,0.01,0.785,0.010000000000000009,325.57,13.333333333333334,923.2334635416667,3.9704206943511964,6.320060729980469,0.007860390345255534,2026-08-25 01:43:21.415818,2026-08-25 01:49:01.360880,15
flower-femnist-aug25_0149-f203,flower,femnist,FedAvg,iid,5,5,2000,,,3,0.788,0.7335110519613538,0.0319,0.735,0.05300000000000005,145.35,11.6,911.84671875,3.613546161651611,6.320060729980469,0.012553691864013672,2026-08-25 01:49:06.586900,2026-08-25 01:51:46.415918,5
flower-femnist-aug25_0151-a3c6,flower,femnist,FedAvg,iid,5,10,2000,,,3,0.791,0.891233938080924,0.0213,0.77,0.02100000000000002,287.02,12.198,926.190390625,4.023056607246399,6.320060729980469,0.01347510814666748,2026-08-25 01:51:51.678507,2026-08-25 01:56:53.232583,10
flower-femnist-aug25_0157-ef9f,flower,femnist,FedAvg,iid,5,15,2000,,,3,0.789,1.1136827026094709,0.0198,0.765,0.02400000000000002,415.59,12.4,933.3811979166667,3.9115130424499513,6.320060729980469,0.011562474568684896,2026-08-25 01:57:06.847933,2026-08-25 02:04:17.222003,15
flower-femnist-aug25_0204-5a52,flower,femnist,FedAvg,iid,8,5,2000,,,3,0.805,0.6724877306925399,0.025,0.77,0.03500000000000003,184.12,11.25,910.80537109375,3.6554944813251495,6.320060729980469,0.01545419692993164,2026-08-25 02:04:22.086113,2026-08-25 02:07:40.331917,5
flower-femnist-aug25_0207-b268,flower,femnist,FedAvg,iid,8,10,2000,,,3,0.82375,0.6564907961125885,0.0169,0.785,0.03874999999999995,357.97,12.75,938.63662109375,3.742683732509613,6.320060729980469,0.017546844482421876,2026-08-25 02:07:52.204242,2026-08-25 02:14:04.513906,10
flower-femnist-aug25_0214-2d0b,flower,femnist,FedAvg,iid,8,15,2000,,,3,0.824375,0.7176826483170902,0.0288,0.785,0.03937499999999994,521.7,12.25,943.6807291666667,3.5961148897806803,6.320060729980469,0.014214181900024414,2026-08-25 02:14:07.412451,2026-08-25 02:23:03.397946,15
flower-femnist-aug25_0223-2e2f,flower,femnist,FedAvg,iid,2,5,4000,,,3,0.8175,0.7578066707803653,0.0075,0.81,0.007499999999999951,133.51,12.99,911.67890625,8.180109143257141,6.320060729980469,0.009140491485595703,2026-08-25 02:23:07.725011,2026-08-25 02:25:35.643731,5
flower-femnist-aug25_0225-78ff,flower,femnist,FedAvg,iid,2,10,4000,,,3,0.81125,0.9518321764010651,0.0062,0.805,0.006249999999999978,227.55,12.5,923.4326171875,6.50808801651001,6.320060729980469,0.00898725986480713,2026-08-25 02:25:37.807649,2026-08-25 02:29:39.758517,10
flower-femnist-aug25_0229-ebb3,flower,femnist,FedAvg,iid,2,15,4000,,,3,0.785,1.412662931932853,0.0075,0.7775,0.007500000000000062,355.61,14.0,933.63828125,6.767327777544657,6.320060729980469,0.007908376057942708,2026-08-25 02:29:52.932301,2026-08-25 02:36:03.181450,15
flower-femnist-aug25_0236-4a9e,flower,femnist,FedAvg,iid,5,5,4000,,,3,0.8245,0.6086790575430944,0.0121,0.8075,0.017000000000000015,172.29,13.6,924.368125,7.58475513458252,6.320060729980469,0.013207387924194337,2026-08-25 02:36:08.112923,2026-08-25 02:39:14.874432,5
flower-femnist-aug25_0239-b34c,flower,femnist,FedAvg,iid,5,10,4000,,,3,0.83,0.7103715532101118,0.0115,0.81,0.019999999999999907,314.39,12.6,932.95078125,7.238971347808838,6.320060729980469,0.01106266975402832,2026-08-25 02:39:23.217955,2026-08-25 02:44:51.654916,10
flower-femnist-aug25_0244-3540,flower,femnist,FedAvg,iid,5,15,4000,,,3,0.8175,0.8761621922254562,0.0104,0.8025,0.015000000000000013,463.13,12.666666666666666,940.3915104166666,6.96465841293335,6.320060729980469,0.011491870880126953,2026-08-25 02:44:53.393259,2026-08-25 02:52:50.840713,15
flower-femnist-aug25_0252-af13,flower,femnist,FedAvg,iid,8,5,4000,,,3,0.8353125,0.5149077028036118,0.0167,0.81,0.02531249999999996,210.75,11.75,918.28623046875,7.875266498327255,6.320060729980469,0.018915700912475585,2026-08-25 02:52:53.651104,2026-08-25 02:56:39.219138,5
flower-femnist-aug25_0256-f520,flower,femnist,FedAvg,iid,8,10,4000,,,3,0.8465625,0.5094557304938252,0.0132,0.8275,0.019062499999999982,392.45,13.375,948.070166015625,7.614801752567291,6.320060729980469,0.018110442161560058,2026-08-25 02:56:53.781542,2026-08-25 03:03:41.348380,10
flower-femnist-aug25_0303-e6da,flower,femnist,FedAvg,iid,8,15,4000,,,3,0.8446875,0.5713555296309866,0.0139,0.825,0.01968750000000008,592.66,14.25,952.2506184895833,7.412655504544576,6.320060729980469,0.016676584879557293,2026-08-25 03:03:54.002233,2026-08-25 03:14:01.374965,15
nvflare-cifar100-aug23_1842-3ca9,nvflare,cifar100,FedAvg,iid,2,5,1000,,,3,0.12,4.2122692465782166,0.0,0.12,0.0,60.48,51.879999999999995,627.599609375,5.403921627998352,6.3966217041015625,2.768,2026-08-23 18:42:37.674932,2026-08-23 18:43:38.755773,5
nvflare-cifar100-aug23_1843-c44e,nvflare,cifar100,FedAvg,iid,2,10,1000,,,3,0.12,6.713086366653442,0.01,0.1,0.01999999999999999,64.28,32.13000000000001,617.358984375,1.5645511388778686,6.3966217041015625,2.9,2026-08-23 18:43:52.730846,2026-08-23 18:44:57.646930,10
nvflare-cifar100-aug23_1845-41c7,nvflare,cifar100,FedAvg,iid,2,15,1000,,,3,0.19,8.67547357082367,0.04,0.11,0.08,93.98,36.576666666666675,612.9614583333333,1.946855370203654,6.3966217041015625,3.0653333333333337,2026-08-23 18:45:07.786317,2026-08-23 18:46:42.414490,15
nvflare-cifar100-aug23_1846-9715,nvflare,cifar100,FedAvg,iid,5,5,1000,,,3,0.2,3.7657670378684998,0.0331,0.11,0.09000000000000001,409.03,80.63999999999999,620.22484375,67.14061791419982,6.3966217041015625,18.528,2026-08-23 18:46:52.875817,2026-08-23 18:53:42.536961,5
nvflare-cifar100-aug23_1853-a389,nvflare,cifar100,FedAvg,iid,5,10,1000,,,3,0.19,4.03464412689209,0.0102,0.19,0.0,902.09,87.38799999999999,628.439609375,74.45860570430756,6.3966217041015625,9.216000000000001,2026-08-23 18:53:53.128888,2026-08-23 19:08:55.836768,10
nvflare-cifar100-aug23_1909-0670,nvflare,cifar100,FedAvg,iid,5,15,1000,,,3,0.24,4.654818534851074,0.0214,0.18,0.06,1403.53,90.25333333333332,627.2201041666667,79.97435323079426,6.3966217041015625,11.184666666666665,2026-08-23 19:09:08.685893,2026-08-23 19:32:32.845203,15
nvflare-cifar100-aug23_1932-ef09,nvflare,cifar100,FedAvg,iid,8,5,1000,,,3,0.15,3.9445658922195435,0.0269,0.14,0.009999999999999981,784.76,82.39750000000001,614.15859375,138.82093531489372,6.3966217041015625,6.465999999999999,2026-08-23 19:32:39.546210,2026-08-23 19:45:44.930706,5
nvflare-cifar100-aug23_1945-0732,nvflare,cifar100,FedAvg,iid,8,10,1000,,,3,0.2,4.39907830953598,0.035,0.2,0.0,1701.07,90.06250000000001,619.890087890625,153.27463683485985,6.3966217041015625,5.916,2026-08-23 19:45:55.048638,2026-08-23 20:14:16.725820,10
nvflare-cifar100-aug23_2014-866f,nvflare,cifar100,FedAvg,iid,8,15,1000,,,3,0.18,5.058367073535919,0.0344,0.17,0.009999999999999981,2589.51,92.86333333333333,627.2755208333333,154.04488873283069,6.3966217041015625,6.311333333333334,2026-08-23 20:14:26.095038,2026-08-23 20:57:36.217001,15
nvflare-cifar100-aug23_2057-22f6,nvflare,cifar100,FedAvg,iid,2,5,2000,,,3,0.215,3.5171921934400285,0.03,0.155,0.06,58.08,55.96,637.30625,5.004625678062439,6.3966217041015625,2.63,2026-08-23 20:57:42.877439,2026-08-23 20:58:41.550644,5
nvflare-cifar100-aug23_2058-a3e0,nvflare,cifar100,FedAvg,iid,2,10,2000,,,3,0.195,6.5753017493656705,0.005,0.185,0.010000000000000009,99.76,54.894999999999996,631.94453125,4.49601446390152,6.3966217041015625,3.214,2026-08-23 20:58:42.930567,2026-08-23 21:00:23.336781,10
nvflare-cifar100-aug23_2100-6e39,nvflare,cifar100,FedAvg,iid,2,15,2000,,,3,0.215,6.64362451008388,0.0175,0.18,0.035,166.93,62.47666666666667,632.7690104166667,6.505242037773132,6.3966217041015625,3.2546666666666666,2026-08-23 21:00:28.007665,2026-08-23 21:03:15.602403,15
nvflare-cifar100-aug23_2103-c50c,nvflare,cifar100,FedAvg,iid,5,5,2000,,,3,0.24,3.24771853855678,0.0279,0.19,0.04999999999999999,1007.36,96.17199999999998,635.746875,178.7466953277588,6.3966217041015625,17.712,2026-08-23 21:03:28.134728,2026-08-23 21:20:16.107656,5
nvflare-cifar100-aug23_2120-05bf,nvflare,cifar100,FedAvg,iid,5,10,2000,,,3,0.23,3.59574716431754,0.0278,0.205,0.025000000000000022,1941.38,96.88199999999999,641.19875,180.168199634552,6.3966217041015625,16.500000000000004,2026-08-23 21:20:28.690701,2026-08-23 21:52:50.695659,10
nvflare-cifar100-aug23_2152-f7cb,nvflare,cifar100,FedAvg,iid,5,15,2000,,,3,0.305,4.668627330235073,0.0273,0.23,0.07499999999999998,2883.9,97.07333333333328,644.8286458333333,174.37658301671345,6.3966217041015625,6.212000000000001,2026-08-23 21:52:59.789721,2026-08-23 22:41:04.293415,15
nvflare-cifar100-aug23_2241-5381,nvflare,cifar100,FedAvg,iid,8,5,2000,,,3,0.225,3.136740412030901,0.0129,0.205,0.020000000000000018,1715.84,96.88249999999996,640.6884765625,304.3498688399792,6.3966217041015625,34.1,2026-08-23 22:41:16.437459,2026-08-23 23:09:52.908247,5
nvflare-cifar100-aug23_2310-46fb,nvflare,cifar100,FedAvg,iid,8,10,2000,,,3,0.255,3.259202786854335,0.0274,0.22,0.035,3529.59,97.85375000000006,640.5291015625,318.5639022141695,6.3966217041015625,48.64300000000001,2026-08-23 23:10:02.404956,2026-08-24 00:08:52.699027,10
nvflare-cifar100-aug24_0009-f4e0,nvflare,cifar100,FedAvg,iid,8,15,2000,,,3,0.29,3.299482822418213,0.0194,0.23,0.05999999999999997,0.0,97.85375000000002,641.62666015625,318.98527648150923,6.3966217041015625,31.504545454545454,2026-08-24 00:09:04.532222,2026-08-24 01:09:28.015059,11
nvflare-cifar100-aug24_0109-f1e3,nvflare,cifar100,FedAvg,iid,2,5,4000,,,3,0.2725,3.356264646236713,0.0,0.2725,0.0,1565.72,96.25,644.335546875,275.3245499610901,6.3966217041015625,44.248000000000005,2026-08-24 01:09:36.748445,2026-08-24 01:35:43.119785,5
nvflare-cifar100-aug24_0135-0672,nvflare,cifar100,FedAvg,iid,2,10,4000,,,3,0.27,6.1355473811809835,0.0225,0.225,0.04500000000000001,3080.33,96.965,651.7544921875,273.3171462059021,6.3966217041015625,52.625,2026-08-24 01:35:52.566464,2026-08-24 02:27:13.638410,10
nvflare-cifar100-aug24_0227-11ad,nvflare,cifar100,FedAvg,iid,2,15,4000,,,3,0.2725,6.45837662770198,0.015,0.2425,0.030000000000000027,0.0,96.75499999999998,656.9298828125,328.4601542711258,6.3966217041015625,6.752727272727273,2026-08-24 02:27:24.124331,2026-08-24 03:27:49.189604,11
nvflare-cifar100-aug24_0327-7ade,nvflare,cifar100,FedAvg,iid,5,5,4000,,,3,0.25,3.2956290611853967,0.0294,0.185,0.065,0.0,98.55000000000001,635.8109375,1294.727161550522,6.3966217041015625,20.08,2026-08-24 03:27:55.975457,2026-08-24 04:29:29.790480,3
nvflare-cifar100-aug24_0429-6061,nvflare,cifar100,FedAvg,iid,5,10,4000,,,3,0.2475,3.277116738832914,0.0274,0.1875,0.06,0.0,98.53,640.25390625,1324.8722653150558,6.3966217041015625,51.53666666666667,2026-08-24 04:29:43.015639,2026-08-24 05:31:10.334083,3
nvflare-cifar100-aug24_0531-b7c4,nvflare,cifar100,FedAvg,iid,5,15,4000,,,3,0.2675,3.2260998579171987,0.0322,0.185,0.08250000000000002,0.0,99.07000000000002,642.3328125,1473.1754016160965,6.3966217041015625,128.20666666666668,2026-08-24 05:31:15.121966,2026-08-24 06:32:50.870912,3
nvflare-cifar100-aug24_0633-a952,nvflare,cifar100,FedAvg,iid,8,5,4000,,,3,0.1325,4.351649431081919,0.0126,0.09,0.04250000000000001,0.0,99.125,622.9990234375,2139.910625874996,6.3966217041015625,98.845,2026-08-24 06:33:02.175351,2026-08-24 07:34:31.510377,2
nvflare-cifar100-aug24_0934-8ab6,nvflare,cifar100,FedAvg,iid,8,15,4000,,,3,0.1025,4.319441355191744,0.0082,0.0875,0.015,0.0,99.10000000000001,636.39892578125,2267.461506038904,6.3966217041015625,29.685,2026-08-24 09:34:39.418489,2026-08-24 10:36:13.009735,2
nvflare-cifar100-aug24_1951-96c5,nvflare,cifar100,FedAvg,iid,8,15,2000,,,3,0.29,4.085486548287528,0.0228,0.225,0.06499999999999997,136.54,37.19750000000001,616.0045572916666,3.5555499811967213,6.3966217041015625,3.5460000000000003,2026-08-24 19:51:34.680482,2026-08-24 19:53:51.911651,15
nvflare-cifar100-aug24_1954-96db,nvflare,cifar100,FedAvg,iid,2,15,4000,,,3,0.2875,7.0995330810546875,0.0212,0.245,0.04249999999999998,169.68,33.559999999999995,629.94375,6.735645286242167,6.3966217041015625,3.222666666666667,2026-08-24 19:54:04.844893,2026-08-24 19:56:55.157926,15
nvflare-cifar100-aug24_1957-a2f3,nvflare,cifar100,FedAvg,iid,5,5,4000,,,3,0.3075,2.867370678828313,0.0284,0.2525,0.05499999999999999,79.41,35.903999999999996,630.515625,7.095946455001831,6.3966217041015625,3.652,2026-08-24 19:57:04.959560,2026-08-24 19:58:25.003700,5
nvflare-cifar100-aug24_1958-4d52,nvflare,cifar100,FedAvg,iid,5,10,4000,,,3,0.345,3.3828834203573375,0.0275,0.2975,0.04749999999999999,133.91,36.13399999999999,633.673671875,7.249122109413147,6.3966217041015625,3.3739999999999997,2026-08-24 19:58:35.021286,2026-08-24 20:00:49.581997,10
nvflare-cifar100-aug24_2000-8e44,nvflare,cifar100,FedAvg,iid,5,15,4000,,,3,0.3425,4.364908145024226,0.0195,0.285,0.05750000000000005,178.07,36.137333333333316,635.4834375,6.694327615102132,6.3966217041015625,3.2259999999999995,2026-08-24 20:00:50.109850,2026-08-24 20:03:48.769196,15
nvflare-cifar100-aug24_2003-4279,nvflare,cifar100,FedAvg,iid,8,5,4000,,,3,0.3,2.837879932843722,0.0206,0.265,0.034999999999999976,88.6,37.81500000000001,628.11708984375,7.4233618080616,6.3966217041015625,4.808000000000001,2026-08-24 20:03:50.216145,2026-08-24 20:05:19.416107,5
nvflare-cifar100-aug24_2005-3605,nvflare,cifar100,FedAvg,iid,8,10,4000,,,3,0.3575,2.9429158522532535,0.0167,0.3275,0.02999999999999997,139.03,38.69124999999998,638.203271484375,6.974984210729599,6.3966217041015625,5.061,2026-08-24 20:05:20.279635,2026-08-24 20:07:39.967941,10
nvflare-cifar100-aug24_2007-83a7,nvflare,cifar100,FedAvg,iid,8,15,4000,,,3,0.315,3.7427156888521633,0.029,0.315,0.0,193.07,38.61916666666664,638.3491536458333,6.964057187239329,6.3966217041015625,4.014,2026-08-24 20:07:50.388076,2026-08-24 20:11:04.071958,15
nvflare-cifar100-aug24_2045-e17c,nvflare,cifar100,FedProx,iid,5,10,2000,,,3,0.21,3.254814011710031,0.0393,0.205,0.0050000000000000044,112.15,34.86599999999999,628.14734375,4.981792392730713,6.3966217041015625,3.9869999999999997,2026-08-24 20:45:36.812630,2026-08-24 20:47:29.607036,10
nvflare-cifar100-aug24_2047-234d,nvflare,cifar100,FedAvg,shard,5,10,2000,,2.0,3,0.135,3.4602011271885464,0.0341,0.135,0.0,90.99,35.13199999999999,616.269296875,3.505130395889282,6.3966217041015625,3.405,2026-08-24 20:47:36.892152,2026-08-24 20:49:08.534267,10
nvflare-cifar100-aug24_2049-c574,nvflare,cifar100,FedProx,shard,5,10,2000,,2.0,3,0.165,3.429392235619681,0.0297,0.165,0.0,105.93,35.025999999999996,633.779375,4.681663031578064,6.3966217041015625,3.4539999999999997,2026-08-24 20:49:21.959448,2026-08-24 20:51:08.500275,10
nvflare-cifar100-aug24_2051-f52b,nvflare,cifar100,FedAvg,dirichlet,5,10,2000,0.5,,3,0.255,3.5921994958605086,0.0236,0.195,0.06,94.03,34.866,616.141796875,3.6368669652938843,6.3966217041015625,2.689,2026-08-24 20:51:22.038394,2026-08-24 20:52:56.695979,10
nvflare-cifar100-aug24_2053-315c,nvflare,cifar100,FedProx,dirichlet,5,10,2000,0.5,,3,0.24,3.387289421898978,0.013,0.205,0.035,108.73,35.257999999999996,635.554140625,4.625904369354248,6.3966217041015625,4.269,2026-08-24 20:53:07.105009,2026-08-24 20:54:56.427001,10
nvflare-cifar100-aug25_1350-caee,nvflare,cifar100,FedAvg,iid,2,5,1000,,,3,0.1,4.265886127948761,0.005,0.1,0.0,54.93,17.990000000000002,687.159765625,2.0681670904159546,6.3966217041015625,2.532,2026-08-25 13:50:13.040686,2026-08-25 13:51:08.761967,5
nvflare-cifar100-aug25_1351-b968,nvflare,cifar100,FedAvg,iid,2,10,1000,,,3,0.17,7.139050245285034,0.01,0.15,0.020000000000000018,66.64,17.979999999999997,598.940234375,1.7040640473365785,6.3966217041015625,2.84,2026-08-25 13:51:13.150204,2026-08-25 13:52:20.399666,10
nvflare-cifar100-aug25_1352-d783,nvflare,cifar100,FedAvg,iid,2,15,1000,,,3,0.14,8.655160427093506,0.01,0.14,0.0,96.51,17.316666666666663,603.9239583333333,1.854146401087443,6.3966217041015625,3.1853333333333333,2026-08-25 13:52:28.210512,2026-08-25 13:54:05.332217,15
nvflare-cifar100-aug25_1354-eaff,nvflare,cifar100,FedAvg,iid,5,5,1000,,,3,0.14,3.6610273122787476,0.042,0.1,0.04000000000000001,49.04,14.8,597.1040625,1.744431037902832,6.3966217041015625,3.168,2026-08-25 13:54:13.288810,2026-08-25 13:55:02.989017,5
nvflare-cifar100-aug25_1355-de9f,nvflare,cifar100,FedAvg,iid,5,10,1000,,,3,0.19,3.953104019165039,0.0049,0.18,0.010000000000000009,76.37,15.993999999999998,593.166484375,1.8572160720825195,6.3966217041015625,3.372,2026-08-25 13:55:13.345200,2026-08-25 13:56:30.356749,10
nvflare-cifar100-aug25_1356-637c,nvflare,cifar100,FedAvg,iid,5,15,1000,,,3,0.23,5.278520822525024,0.0183,0.19,0.04000000000000001,100.14,16.126666666666665,600.37421875,1.7163900979359945,6.3966217041015625,3.4453333333333322,2026-08-25 13:56:43.426379,2026-08-25 13:58:24.215137,15
nvflare-cifar100-aug25_1358-a1c9,nvflare,cifar100,FedAvg,iid,8,5,1000,,,3,0.13,4.076043784618378,0.0285,0.12,0.010000000000000009,52.19,16.737499999999997,595.98525390625,1.977354246377945,6.3966217041015625,2.4560000000000004,2026-08-25 13:58:28.515067,2026-08-25 13:59:21.315285,5
nvflare-cifar100-aug25_1359-adb1,nvflare,cifar100,FedAvg,iid,8,10,1000,,,3,0.22,4.597958087921143,0.0183,0.22,0.0,80.74,16.87375,597.45771484375,1.9148601293563843,6.3966217041015625,3.582,2026-08-25 13:59:28.574442,2026-08-25 14:00:49.945222,10
nvflare-cifar100-aug25_1400-ffa8,nvflare,cifar100,FedAvg,iid,8,15,1000,,,3,0.21,5.328178524971008,0.0409,0.15,0.06,106.07,15.830000000000004,598.83662109375,1.788666558265686,6.3966217041015625,3.5973333333333324,2026-08-25 14:00:58.650823,2026-08-25 14:02:45.323076,15
nvflare-cifar100-aug25_1402-163b,nvflare,cifar100,FedAvg,iid,2,5,2000,,,3,0.215,3.6303364549364363,0.02,0.175,0.04000000000000001,51.55,16.98,614.55625,3.5010858535766602,6.3966217041015625,2.756,2026-08-25 14:02:58.752982,2026-08-25 14:03:50.918084,5
nvflare-cifar100-aug25_1403-7e41,nvflare,cifar100,FedAvg,iid,2,10,2000,,,3,0.21,5.884209632873535,0.0175,0.175,0.035,85.77,16.490000000000002,621.262109375,3.582316482067108,6.3966217041015625,2.9219999999999997,2026-08-25 14:03:58.804977,2026-08-25 14:05:25.199912,10
nvflare-cifar100-aug25_1405-3f45,nvflare,cifar100,FedAvg,iid,2,15,2000,,,3,0.24,6.489568914685931,0.0375,0.165,0.07499999999999998,123.92,16.643333333333327,615.6430989583333,3.940351359049479,6.3966217041015625,2.9793333333333334,2026-08-25 14:05:28.867730,2026-08-25 14:07:33.421765,15
nvflare-cifar100-aug25_1407-d675,nvflare,cifar100,FedAvg,iid,5,5,2000,,,3,0.21,3.235994134630476,0.01,0.195,0.014999999999999986,60.57,15.595999999999998,608.85609375,3.775416917800903,6.3966217041015625,4.042,2026-08-25 14:07:43.951815,2026-08-25 14:08:45.157774,5
nvflare-cifar100-aug25_1408-dd39,nvflare,cifar100,FedAvg,iid,5,10,2000,,,3,0.27,3.773438044956752,0.0157,0.24,0.030000000000000027,95.91,17.596,616.642734375,3.4656933116912843,6.3966217041015625,3.928,2026-08-25 14:08:59.014094,2026-08-25 14:10:35.541098,10
nvflare-cifar100-aug25_1410-2508,nvflare,cifar100,FedAvg,iid,5,15,2000,,,3,0.275,4.696019206728254,0.032,0.21,0.06500000000000003,138.67,16.264,617.22703125,3.538031209309896,6.3966217041015625,4.239999999999999,2026-08-25 14:10:44.091780,2026-08-25 14:13:03.364572,15
nvflare-cifar100-aug25_1413-707f,nvflare,cifar100,FedAvg,iid,8,5,2000,,,3,0.22,3.1199228082384383,0.0219,0.205,0.015000000000000013,63.68,16.5,611.31650390625,3.6254774212837217,6.3966217041015625,5.159999999999999,2026-08-25 14:13:14.194852,2026-08-25 14:14:18.497644,5
nvflare-cifar100-aug25_1414-350e,nvflare,cifar100,FedAvg,iid,8,10,2000,,,3,0.26,3.4038520199911937,0.0207,0.22,0.04000000000000001,100.56,15.372499999999999,615.8427734375,3.597049969434738,6.3966217041015625,3.786,2026-08-25 14:14:29.255543,2026-08-25 14:16:10.459472,10
nvflare-cifar100-aug25_1416-c4f5,nvflare,cifar100,FedAvg,iid,8,15,2000,,,3,0.275,4.390653508050101,0.0159,0.27,0.0050000000000000044,138.23,15.830833333333334,617.0277994791667,3.504887956380844,6.3966217041015625,4.135333333333333,2026-08-25 14:16:14.335386,2026-08-25 14:18:33.170388,15
nvflare-cifar100-aug25_1418-9fc7,nvflare,cifar100,FedAvg,iid,2,5,4000,,,3,0.285,3.2877991382892313,0.0087,0.2675,0.01749999999999996,72.43,19.97,634.980078125,7.1856098651885985,6.3966217041015625,3.3840000000000003,2026-08-25 14:18:44.453315,2026-08-25 14:19:57.513026,5
nvflare-cifar100-aug25_1419-826c,nvflare,cifar100,FedAvg,iid,2,10,4000,,,3,0.275,5.802654779874361,0.0225,0.23,0.04500000000000001,127.07,11.995000000000001,636.064453125,7.274407279491425,6.3966217041015625,3.0650000000000004,2026-08-25 14:19:59.509572,2026-08-25 14:22:07.215663,10
nvflare-cifar100-aug25_1422-5fc2,nvflare,cifar100,FedAvg,iid,2,15,4000,,,3,0.2775,7.138859785520113,0.0225,0.2325,0.04500000000000001,181.18,16.31333333333333,632.183203125,7.088183188438416,6.3966217041015625,3.003333333333333,2026-08-25 14:22:14.595629,2026-08-25 14:25:16.395325,15
nvflare-cifar100-aug25_1425-a203,nvflare,cifar100,FedAvg,iid,5,5,4000,,,3,0.31,2.869963077398447,0.0227,0.275,0.034999999999999976,79.64,17.991999999999997,629.6371875,7.165253667831421,6.3966217041015625,3.7760000000000007,2026-08-25 14:25:29.710158,2026-08-25 14:26:49.984687,5
nvflare-cifar100-aug25_1426-4a97,nvflare,cifar100,FedAvg,iid,5,10,4000,,,3,0.38,3.3286443857046275,0.0323,0.3025,0.07750000000000001,129.81,15.398,633.845234375,6.701806726455689,6.3966217041015625,4.426,2026-08-25 14:26:59.775618,2026-08-25 14:29:10.197469,10
nvflare-cifar100-aug25_1429-9de7,nvflare,cifar100,FedAvg,iid,5,15,4000,,,3,0.3425,4.42462655214163,0.0266,0.29,0.05250000000000005,196.24,17.192000000000007,636.79953125,6.752200489044189,6.3966217041015625,5.108,2026-08-25 14:29:14.869529,2026-08-25 14:32:31.702764,15
nvflare-cifar100-aug25_1432-6741,nvflare,cifar100,FedAvg,iid,8,5,4000,,,3,0.3025,2.7683597711416392,0.0162,0.285,0.017500000000000016,82.1,15.0,629.926953125,7.14819872379303,6.3966217041015625,3.444,2026-08-25 14:32:45.004201,2026-08-25 14:34:07.749940,5
nvflare-cifar100-aug25_1434-7249,nvflare,cifar100,FedAvg,iid,8,10,4000,,,3,0.3525,2.980728131074172,0.0216,0.305,0.04749999999999999,142.29,15.872500000000002,633.75166015625,7.166526877880097,6.3966217041015625,4.985000000000001,2026-08-25 14:34:15.070264,2026-08-25 14:36:38.004923,10
nvflare-cifar100-aug25_1436-1ab2,nvflare,cifar100,FedAvg,iid,8,15,4000,,,3,0.3675,3.6803123217362623,0.0263,0.3225,0.044999999999999984,199.18,15.164166666666668,632.7841471354167,6.897021357218424,6.3966217041015625,4.543999999999999,2026-08-25 14:36:45.179311,2026-08-25 14:40:05.001316,15
nvflare-femnist-aug24_1036-0274,nvflare,femnist,FedAvg,iid,2,5,1000,,,3,0.74,1.142216295003891,0.025,0.69,0.050000000000000044,914.74,99.13000000000001,837.63515625,172.169508600235,6.320060729980469,4.5840000000000005,2026-08-24 10:36:26.513477,2026-08-24 10:51:41.982747,5
nvflare-femnist-aug24_1051-ed1e,nvflare,femnist,FedAvg,iid,2,10,1000,,,3,0.75,1.7151001989841461,0.01,0.73,0.020000000000000018,1652.62,99.19999999999999,841.0681640625,156.5984191775322,6.320060729980469,4.993,2026-08-24 10:51:42.001722,2026-08-24 11:19:15.397081,10
nvflare-femnist-aug24_1119-7f61,nvflare,femnist,FedAvg,iid,2,15,1000,,,3,0.76,2.1299813091754913,0.015,0.73,0.030000000000000027,2150.23,98.51666666666665,845.4140625,134.80256088574728,6.320060729980469,5.332,2026-08-24 11:19:27.907818,2026-08-24 11:55:18.872770,15
nvflare-femnist-aug24_1155-0535,nvflare,femnist,FedAvg,iid,5,5,1000,,,3,0.66,1.015476405620575,0.0301,0.66,0.0,1232.58,99.16,842.8809375,233.65829385757445,6.320060729980469,7.1,2026-08-24 11:55:29.104944,2026-08-24 12:16:02.471950,5
nvflare-femnist-aug24_1216-81ff,nvflare,femnist,FedAvg,iid,5,10,1000,,,3,0.71,0.894786074757576,0.0265,0.71,0.0,2578.69,99.18799999999993,848.0771875,247.85382076740265,6.320060729980469,6.3420000000000005,2026-08-24 12:16:14.725074,2026-08-24 12:59:14.185620,10
nvflare-femnist-aug24_1259-8063,nvflare,femnist,FedAvg,iid,5,15,1000,,,3,0.69,0.9849160090088844,0.0358,0.69,0.0,2957.1,98.89199999999995,845.9127083333333,177.57312681516012,6.320060729980469,8.275333333333332,2026-08-24 12:59:16.133832,2026-08-24 13:48:33.968303,15
nvflare-femnist-aug24_1348-f29a,nvflare,femnist,FedAvg,iid,8,5,1000,,,3,0.65,1.1260662078857422,0.0401,0.65,0.0,1594.58,99.10499999999998,844.85830078125,285.3811667740345,6.320060729980469,24.256,2026-08-24 13:48:47.770179,2026-08-24 14:15:23.105621,5
nvflare-femnist-aug24_1415-af63,nvflare,femnist,FedAvg,iid,8,10,1000,,,3,0.73,1.0044148862361908,0.0269,0.73,0.0,3573.75,99.26374999999999,846.2740234375,337.4819959551096,6.320060729980469,50.72899999999999,2026-08-24 14:15:33.612061,2026-08-24 15:15:08.138789,10
nvflare-femnist-aug24_1515-d315,nvflare,femnist,FedAvg,iid,8,15,1000,,,3,0.77,0.9357150048017502,0.0187,0.77,0.0,0.0,99.50227272727274,849.5901988636364,310.4657131623138,6.320060729980469,8.100833333333332,2026-08-24 15:15:20.662431,2026-08-24 16:16:16.074788,12
nvflare-femnist-aug24_1616-d593,nvflare,femnist,FedAvg,iid,2,5,2000,,,3,0.825,0.8189118376799992,0.01,0.805,0.019999999999999907,1173.96,98.58000000000001,849.037109375,217.3110461473465,6.320060729980469,5.353999999999999,2026-08-24 16:16:22.666899,2026-08-24 16:35:57.392877,5
nvflare-femnist-aug24_1636-f0a0,nvflare,femnist,FedAvg,iid,2,10,2000,,,3,0.82,0.870173020022256,0.01,0.8,0.019999999999999907,2552.4,98.97,849.1515625,222.81113450527192,6.320060729980469,24.184000000000005,2026-08-24 16:36:08.241382,2026-08-24 17:18:41.371483,10
nvflare-femnist-aug24_1718-f8b3,nvflare,femnist,FedAvg,iid,2,15,2000,,,3,0.795,0.868509788598333,0.005,0.785,0.010000000000000009,0.0,95.11250000000001,843.3759765625,395.54457552731037,6.320060729980469,16.39111111111111,2026-08-24 17:18:54.534993,2026-08-24 18:19:37.192561,9
nvflare-femnist-aug24_1819-a677,nvflare,femnist,FedAvg,iid,5,5,2000,,,3,0.77,0.7951838970184326,0.0175,0.77,0.0,3180.3,93.692,845.14296875,614.8666676425934,6.320060729980469,17.506,2026-08-24 18:19:41.494400,2026-08-24 19:12:42.656406,5
nvflare-femnist-aug24_2011-d32e,nvflare,femnist,FedAvg,iid,8,15,1000,,,3,0.75,0.8709772974252701,0.0269,0.75,0.0,110.14,34.70666666666667,816.3237955729167,1.5567044198513031,6.320060729980469,3.7760000000000002,2026-08-24 20:11:05.521464,2026-08-24 20:12:56.299665,15
nvflare-femnist-aug24_2013-85f7,nvflare,femnist,FedAvg,iid,2,15,2000,,,3,0.79,1.1722424030303955,0.0225,0.79,0.0,118.51,35.419999999999995,821.1747395833333,2.981750822067261,6.320060729980469,2.9593333333333334,2026-08-24 20:13:05.615120,2026-08-24 20:15:04.731368,15
nvflare-femnist-aug24_2015-5b47,nvflare,femnist,FedAvg,iid,5,10,2000,,,3,0.795,0.6827575010912759,0.0081,0.78,0.015000000000000013,91.75,34.492,820.64390625,2.8523766660690306,6.320060729980469,3.789,2026-08-24 20:15:05.683413,2026-08-24 20:16:38.102447,10
nvflare-femnist-aug24_2016-842a,nvflare,femnist,FedAvg,iid,5,15,2000,,,3,0.75,1.0514850957053048,0.0371,0.75,0.0,130.09,34.82266666666666,811.5655729166666,3.205179764429728,6.320060729980469,4.017333333333333,2026-08-24 20:16:50.755677,2026-08-24 20:19:01.468600,15
nvflare-femnist-aug24_2019-0420,nvflare,femnist,FedAvg,iid,8,5,2000,,,3,0.79,0.8862991077559335,0.0265,0.77,0.020000000000000018,64.31,36.67,813.2703125,3.120347797870636,6.320060729980469,2.902,2026-08-24 20:19:05.838179,2026-08-24 20:20:10.772125,5
nvflare-femnist-aug24_2020-e284,nvflare,femnist,FedAvg,iid,8,10,2000,,,3,0.81,0.8300937329019819,0.0197,0.8,0.010000000000000009,107.38,35.92249999999999,815.560546875,3.2481031894683836,6.320060729980469,4.515,2026-08-24 20:20:20.893459,2026-08-24 20:22:08.900159,10
nvflare-femnist-aug24_2022-1252,nvflare,femnist,FedAvg,iid,8,15,2000,,,3,0.81,0.940135087285723,0.0257,0.785,0.025000000000000022,129.94,36.67083333333334,820.3596028645833,2.9860966046651205,6.320060729980469,3.652,2026-08-24 20:22:20.975987,2026-08-24 20:24:31.539780,15
nvflare-femnist-aug24_2024-09e7,nvflare,femnist,FedAvg,iid,2,5,4000,,,3,0.8175,0.575157839518327,0.0025,0.8125,0.0050000000000000044,69.91,34.17999999999999,809.3421875,5.947752070426941,6.320060729980469,2.4739999999999998,2026-08-24 20:24:36.068956,2026-08-24 20:25:46.595204,5
nvflare-femnist-aug24_2025-32a4,nvflare,femnist,FedAvg,iid,2,10,4000,,,3,0.81,0.97099952514355,0.0,0.81,0.0,129.64,34.26,807.3240234375,6.829091572761536,6.320060729980469,2.881,2026-08-24 20:25:51.115041,2026-08-24 20:28:01.335056,10
nvflare-femnist-aug24_2028-7e7c,nvflare,femnist,FedAvg,iid,2,15,4000,,,3,0.8075,1.2911625733742347,0.0037,0.8,0.007499999999999951,166.42,33.236666666666665,811.2483072916667,6.087990442911784,6.320060729980469,3.42,2026-08-24 20:28:06.187186,2026-08-24 20:30:53.229164,15
nvflare-femnist-aug24_2031-9f9d,nvflare,femnist,FedAvg,iid,5,5,4000,,,3,0.8075,0.6160444193161451,0.0102,0.8,0.007499999999999951,79.07,35.304,814.389375,5.9174711132049564,6.320060729980469,3.5680000000000005,2026-08-24 20:31:06.286707,2026-08-24 20:32:25.981439,5
nvflare-femnist-aug24_2032-e0fd,nvflare,femnist,FedAvg,iid,5,10,4000,,,3,0.8225,0.6475235659342545,0.008,0.8225,0.0,135.68,35.446,817.912109375,6.233274502754211,6.320060729980469,3.557,2026-08-24 20:32:36.346635,2026-08-24 20:34:52.651273,10
nvflare-femnist-aug24_2035-e005,nvflare,femnist,FedAvg,iid,5,15,4000,,,3,0.825,0.7474845980222409,0.0075,0.8125,0.012499999999999956,190.37,35.42666666666667,818.2415625,6.518156493504842,6.320060729980469,4.918,2026-08-24 20:35:06.433265,2026-08-24 20:38:17.438055,15
nvflare-femnist-aug24_2038-7bf6,nvflare,femnist,FedAvg,iid,8,5,4000,,,3,0.825,0.565059476173841,0.0161,0.8025,0.022499999999999964,82.34,38.447500000000005,812.95498046875,6.154826271533966,6.320060729980469,2.8779999999999997,2026-08-24 20:38:21.541897,2026-08-24 20:39:44.557517,5
nvflare-femnist-aug24_2039-333b,nvflare,femnist,FedAvg,iid,8,10,4000,,,3,0.855,0.5365574434399605,0.0111,0.8375,0.01749999999999996,139.41,37.93374999999999,819.138037109375,6.3637946337461475,6.320060729980469,5.552999999999999,2026-08-24 20:39:51.602690,2026-08-24 20:42:11.618884,10
nvflare-femnist-aug24_2042-e65b,nvflare,femnist,FedAvg,iid,8,15,4000,,,3,0.865,0.56784761009308,0.0148,0.815,0.050000000000000044,190.42,38.34499999999999,815.3374348958333,6.183781544367473,6.320060729980469,4.565333333333333,2026-08-24 20:42:21.693584,2026-08-24 20:45:32.757295,15
nvflare-femnist-aug25_1440-7db4,nvflare,femnist,FedAvg,iid,2,5,1000,,,3,0.68,1.3821724653244019,0.01,0.66,0.020000000000000018,57.66,17.970000000000002,840.374609375,1.5026214838027954,6.320060729980469,3.282000000000001,2026-08-25 14:40:15.333179,2026-08-25 14:41:13.696591,5
nvflare-femnist-aug25_1441-01aa,nvflare,femnist,FedAvg,iid,2,10,1000,,,3,0.75,1.5090941488742828,0.02,0.71,0.040000000000000036,73.21,17.474999999999998,816.9423828125,1.6036383628845214,6.320060729980469,2.942,2026-08-25 14:41:15.381462,2026-08-25 14:42:29.197910,10
nvflare-femnist-aug25_1442-d7eb,nvflare,femnist,FedAvg,iid,2,15,1000,,,3,0.72,2.1104259490966797,0.01,0.72,0.0,97.09,16.98333333333333,816.4734375,1.4859259764353434,6.320060729980469,3.058666666666667,2026-08-25 14:42:30.437324,2026-08-25 14:44:08.169337,15
nvflare-femnist-aug25_1444-d316,nvflare,femnist,FedAvg,iid,5,5,1000,,,3,0.64,1.0635826736688614,0.031,0.64,0.0,51.71,15.2,812.165,1.517820987701416,6.320060729980469,3.22,2026-08-25 14:44:15.510000,2026-08-25 14:45:07.854507,5
nvflare-femnist-aug25_1445-2e30,nvflare,femnist,FedAvg,iid,5,10,1000,,,3,0.71,0.9770216792821884,0.0303,0.7,0.010000000000000009,79.85,14.993999999999998,809.581796875,1.6497990131378173,6.320060729980469,3.4839999999999995,2026-08-25 14:45:15.559114,2026-08-25 14:46:35.993285,10
nvflare-femnist-aug25_1446-a9dd,nvflare,femnist,FedAvg,iid,5,15,1000,,,3,0.68,1.0172503739595413,0.0361,0.68,0.0,106.96,15.465333333333335,813.0418229166667,1.6255940278371175,6.320060729980469,3.269333333333333,2026-08-25 14:46:45.626474,2026-08-25 14:48:33.236639,15
nvflare-femnist-aug25_1448-617b,nvflare,femnist,FedAvg,iid,8,5,1000,,,3,0.02,4.121068596839905,0.0088,0.0,0.02,324.92,8.571428571428571,780.2092633928571,1.7003639766148158,6.320060729980469,0.05,2026-08-25 14:48:45.714066,2026-08-25 14:54:11.222748,1
nvflare-femnist-aug25_1454-8d1d,nvflare,femnist,FedAvg,iid,8,10,1000,,,3,0.75,0.8906806111335754,0.0338,0.72,0.030000000000000027,82.08,15.248750000000001,814.625,1.4651104271411897,6.320060729980469,3.532,2026-08-25 14:54:15.890378,2026-08-25 14:55:38.589924,10
nvflare-femnist-aug25_1455-0a03,nvflare,femnist,FedAvg,iid,8,15,1000,,,3,0.78,0.8653281927108765,0.0277,0.76,0.020000000000000018,109.46,16.080833333333334,814.39208984375,1.5385546485582988,6.320060729980469,3.7706666666666675,2026-08-25 14:55:45.963098,2026-08-25 14:57:36.070382,15
nvflare-femnist-aug25_1457-61e5,nvflare,femnist,FedAvg,iid,2,5,2000,,,3,0.825,0.6944564985377448,0.035,0.755,0.06999999999999995,60.51,15.960000000000003,809.502734375,3.414298677444458,6.320060729980469,2.99,2026-08-25 14:57:46.059509,2026-08-25 14:58:47.174822,5
nvflare-femnist-aug25_1459-d98b,nvflare,femnist,FedAvg,iid,2,10,2000,,,3,0.81,0.8290153379951205,0.0075,0.795,0.015000000000000013,85.64,16.475,808.8482421875,3.073657143115997,6.320060729980469,2.862,2026-08-25 14:59:01.112374,2026-08-25 15:00:27.360092,10
nvflare-femnist-aug25_1500-50d2,nvflare,femnist,FedAvg,iid,2,15,2000,,,3,0.8,1.2273645315851485,0.0,0.8,0.0,118.39,15.313333333333329,812.2763020833333,3.103390177090963,6.320060729980469,3.0726666666666658,2026-08-25 15:00:31.171493,2026-08-25 15:02:30.219547,15
nvflare-femnist-aug25_1502-08de,nvflare,femnist,FedAvg,iid,5,5,2000,,,3,0.78,0.7480838809694562,0.0184,0.78,0.0,66.8,16.396,812.33453125,3.345919485092163,6.320060729980469,4.5600000000000005,2026-08-25 15:02:31.247315,2026-08-25 15:03:38.682744,5
nvflare-femnist-aug25_1503-45ed,nvflare,femnist,FedAvg,iid,5,10,2000,,,3,0.79,0.7245911530085972,0.0216,0.79,0.0,97.5,16.392,813.439765625,3.1413639831542968,6.320060729980469,3.8449999999999998,2026-08-25 15:03:46.304372,2026-08-25 15:05:24.411437,10
nvflare-femnist-aug25_1505-fb7b,nvflare,femnist,FedAvg,iid,5,15,2000,,,3,0.755,0.9511179583413261,0.0282,0.755,0.0,136.7,16.392,819.9750520833334,3.0588940652211507,6.320060729980469,4.051333333333334,2026-08-25 15:05:31.382761,2026-08-25 15:07:48.701978,15
nvflare-femnist-aug25_1508-c668,nvflare,femnist,FedAvg,iid,8,5,2000,,,3,0.745,0.9114150404930115,0.0283,0.745,0.0,67.51,14.495,810.83623046875,3.2296916782855987,6.320060729980469,2.5799999999999996,2026-08-25 15:08:01.485535,2026-08-25 15:09:09.667516,5
nvflare-femnist-aug25_1509-8092,nvflare,femnist,FedAvg,iid,8,10,2000,,,3,0.0,4.119710717882429,0.0036,0.0,0.0,336.98,14.285714285714286,787.5106026785714,3.188710962023054,6.320060729980469,0.07,2026-08-25 15:09:16.546146,2026-08-25 15:14:54.137739,1
nvflare-femnist-aug25_1515-c33e,nvflare,femnist,FedAvg,iid,8,15,2000,,,3,0.81,0.8816822171211243,0.023,0.79,0.020000000000000018,136.43,15.330833333333336,813.8527018229166,3.0595868984858194,6.320060729980469,3.802,2026-08-25 15:15:01.726263,2026-08-25 15:17:18.771908,15
nvflare-femnist-aug25_1517-daf7,nvflare,femnist,FedAvg,iid,2,5,4000,,,3,0.815,0.6528068001453693,0.0025,0.815,0.0,70.53,11.99,808.083984375,5.816304397583008,6.320060729980469,3.0839999999999996,2026-08-25 15:17:31.839328,2026-08-25 15:18:42.976249,5
nvflare-femnist-aug25_1518-944a,nvflare,femnist,FedAvg,iid,2,10,4000,,,3,0.0275,4.123202617351826,0.0,0.0275,0.0,325.28,20.0,799.66015625,7.2503437995910645,6.320060729980469,0.12,2026-08-25 15:18:46.890666,2026-08-25 15:24:12.769360,1
nvflare-femnist-aug25_1524-d6e1,nvflare,femnist,FedAvg,iid,2,15,4000,,,3,0.795,1.2365163633456597,0.0112,0.795,0.0,178.91,17.313333333333333,821.55390625,6.851582423845927,6.320060729980469,3.0306666666666664,2026-08-25 15:24:17.048244,2026-08-25 15:27:16.552309,15
nvflare-femnist-aug25_1527-3f32,nvflare,femnist,FedAvg,iid,5,5,4000,,,3,0.0625,4.129276569073017,0.0143,0.025,0.0375,324.91,12.5,796.7119140625,7.009314715862274,6.320060729980469,0.11,2026-08-25 15:27:17.145517,2026-08-25 15:32:42.666674,1
nvflare-femnist-aug25_1532-a194,nvflare,femnist,FedAvg,iid,5,10,4000,,,3,0.8125,0.6639339522673533,0.0156,0.8125,0.0,139.16,14.798,813.993671875,6.135328450202942,6.320060729980469,4.121,2026-08-25 15:32:47.311441,2026-08-25 15:35:07.090254,10
nvflare-femnist-aug25_1535-c54b,nvflare,femnist,FedAvg,iid,5,15,4000,,,3,0.82,0.7794344046941171,0.012,0.8075,0.012499999999999956,190.52,16.395999999999997,817.0640625,6.230202693939209,6.320060729980469,5.251333333333333,2026-08-25 15:35:17.409635,2026-08-25 15:38:28.511145,15
nvflare-femnist-aug25_1538-65be,nvflare,femnist,FedAvg,iid,8,5,4000,,,3,0.83,0.5391486493440775,0.0117,0.8175,0.012499999999999956,81.89,15.247499999999999,815.8580078125,5.784101527929306,6.320060729980469,2.564,2026-08-25 15:38:32.533996,2026-08-25 15:39:55.049758,5
nvflare-femnist-aug25_1540-bdae,nvflare,femnist,FedAvg,iid,8,10,4000,,,3,0.8575,0.5117822919900601,0.012,0.8275,0.030000000000000027,131.31,16.5,818.92822265625,5.852306810021401,6.320060729980469,5.078,2026-08-25 15:40:02.602035,2026-08-25 15:42:14.487324,10
nvflare-femnist-aug25_1542-3466,nvflare,femnist,FedAvg,iid,8,15,4000,,,3,0.845,0.6264036426750513,0.0097,0.835,0.010000000000000009,175.82,15.914166666666667,812.83974609375,6.052051631609599,6.320060729980469,3.5819999999999994,2026-08-25 15:42:17.701365,2026-08-25 15:45:14.150406,15
